l_english: #This file is autogenerated! Don't modify it directly!!!
  english_greenland_area_scripted_country_name: "Greenland" 
  english_greenland_area_scripted_country_name_ADJ: "Greenlander"
  english_quebec_area_scripted_country_name: "Edwardia" #English King because what else
  english_quebec_area_scripted_country_name_ADJ: "Edwardian"
  english_laurentian_area_scripted_country_name: "The Laurentians" 
  english_laurentian_area_scripted_country_name_ADJ: "Laurentian"
  english_lower_canada_area_scripted_country_name: "Lower Canada" 
  english_lower_canada_area_scripted_country_name_ADJ: "Lower Canadian"
  english_jamesie_area_scripted_country_name: "Eastern James Bay" 
  english_jamesie_area_scripted_country_name_ADJ: "Jamesier"
  english_nunavik_area_scripted_country_name: "Ungava" #historical
  english_nunavik_area_scripted_country_name_ADJ: "Ungavan"
  english_labrador_area_scripted_country_name: "Labrador" 
  english_labrador_area_scripted_country_name_ADJ: "Labradorean"
  english_newfoundland_area_scripted_country_name: "Newfoundland" 
  english_newfoundland_area_scripted_country_name_ADJ: "Newfie"
  english_prince_edward_island_area_scripted_country_name: "Prince Edward Island" 
  english_prince_edward_island_area_scripted_country_name_ADJ: "Edwardian"
  english_acadia_area_scripted_country_name: "Nova Scotia" 
  english_acadia_area_scripted_country_name_ADJ: "Nova Scotian"
  english_new_brunswick_area_scripted_country_name: "New Brunswick" 
  english_new_brunswick_area_scripted_country_name_ADJ: "Brunswicker"
  english_eastern_ontario_area_scripted_country_name: "Eastern Ontario" 
  english_eastern_ontario_area_scripted_country_name_ADJ: "Eastern Ontarian"
  english_western_ontario_area_scripted_country_name: "Western Ontario" 
  english_western_ontario_area_scripted_country_name_ADJ: "Western Ontarian"
  english_northern_ontario_area_scripted_country_name: "Northern Ontario" 
  english_northern_ontario_area_scripted_country_name_ADJ: "Northern Ontarian"
  english_northwestern_ontario_area_scripted_country_name: "Northwestern Ontario" 
  english_northwestern_ontario_area_scripted_country_name_ADJ: "Northwestern Ontarian"
  english_greenstone_belt_area_scripted_country_name: "Abitibi Uplands" 
  english_greenstone_belt_area_scripted_country_name_ADJ: "Abitibian"
  english_keewatin_area_scripted_country_name: "Keewatin" 
  english_keewatin_area_scripted_country_name_ADJ: "Keewatian"
  english_cuba_area_scripted_country_name: "Cooba" 
  english_cuba_area_scripted_country_name_ADJ: "Cooban"
  english_hispaniola_area_scripted_country_name: "Lyonesse" 
  english_hispaniola_area_scripted_country_name_ADJ: "Lyonessian"
  english_lesser_antilles_area_scripted_country_name: "Lesser Antilles" 
  english_lesser_antilles_area_scripted_country_name_ADJ: "Lesser Antillean"
  english_panama_area_scripted_country_name: "Caledonia" #failed british colony
  english_panama_area_scripted_country_name_ADJ: "Caledonian"
  english_massachusetts_area_scripted_country_name: "Massachusetts" 
  english_massachusetts_area_scripted_country_name_ADJ: "Massachusettsan"
  english_southern_new_england_area_scripted_country_name: "Connecticut" 
  english_southern_new_england_area_scripted_country_name_ADJ: "Connecticuter"
  english_vermont_area_scripted_country_name: "Vermont" 
  english_vermont_area_scripted_country_name_ADJ: "Vermonter"
  english_new_hampshire_area_scripted_country_name: "New Hampshire" 
  english_new_hampshire_area_scripted_country_name_ADJ: "New Hampshirite"
  english_maine_area_scripted_country_name: "Maine" 
  english_maine_area_scripted_country_name_ADJ: "Mainer"
  english_hudson_area_scripted_country_name: "Hudson" #New York would be a formable
  english_hudson_area_scripted_country_name_ADJ: "Hudsoner"
  english_haudenosaunee_area_scripted_country_name: "Upstate" 
  english_haudenosaunee_area_scripted_country_name_ADJ: "Upstater"
  english_new_jersey_area_scripted_country_name: "New Jersey" 
  english_new_jersey_area_scripted_country_name_ADJ: "New Jerseyan"
  english_pennsylvania_area_scripted_country_name: "Pennsylvania" 
  english_pennsylvania_area_scripted_country_name_ADJ: "Pennsylvanian"
  english_westsylvania_area_scripted_country_name: "Allegany" #Spelling with 'a' is english-derived with 'e' french-derived
  english_westsylvania_area_scripted_country_name_ADJ: "Alleganian"
  english_maryland_area_scripted_country_name: "Maryland" 
  english_maryland_area_scripted_country_name_ADJ: "Marylander"
  english_virginia_area_scripted_country_name: "Virginia" 
  english_virginia_area_scripted_country_name_ADJ: "Virginian"
  english_west_virginia_area_scripted_country_name: "West Virginia" 
  english_west_virginia_area_scripted_country_name_ADJ: "West Virginian"
  english_north_carolina_area_scripted_country_name: "North Carolina" 
  english_north_carolina_area_scripted_country_name_ADJ: "North Carolinian"
  english_south_carolina_area_scripted_country_name: "South Carolina" 
  english_south_carolina_area_scripted_country_name_ADJ: "South Carolinian"
  english_georgia_us_area_scripted_country_name: "Georgia" 
  english_georgia_us_area_scripted_country_name_ADJ: "Georgian"
  english_florida_area_scripted_country_name: "Florida" 
  english_florida_area_scripted_country_name_ADJ: "Floridian"
  english_tennessee_area_scripted_country_name: "Tennessee" 
  english_tennessee_area_scripted_country_name_ADJ: "Tennessean"
  english_kentucky_area_scripted_country_name: "Kentucky" 
  english_kentucky_area_scripted_country_name_ADJ: "Kentuckian"
  english_ohio_area_scripted_country_name: "Ohio" 
  english_ohio_area_scripted_country_name_ADJ: "Ohioan"
  english_indiana_area_scripted_country_name: "Indiana" 
  english_indiana_area_scripted_country_name_ADJ: "Hoosier"
  english_michigan_area_scripted_country_name: "Michigan" 
  english_michigan_area_scripted_country_name_ADJ: "Michigander"
  english_illinois_area_scripted_country_name: "Illinois" 
  english_illinois_area_scripted_country_name_ADJ: "Illinoisan"
  english_wisconsin_area_scripted_country_name: "Wisconsin" 
  english_wisconsin_area_scripted_country_name_ADJ: "Wisconsinite"
  english_alabama_area_scripted_country_name: "Alabama" 
  english_alabama_area_scripted_country_name_ADJ: "Alabamian"
  english_mississippi_area_scripted_country_name: "Mississippi" 
  english_mississippi_area_scripted_country_name_ADJ: "Mississippian"
  english_louisiana_area_scripted_country_name: "Louisiana" 
  english_louisiana_area_scripted_country_name_ADJ: "Louisianian"
  english_arkansas_area_scripted_country_name: "Arkansaw" #Historical spelling
  english_arkansas_area_scripted_country_name_ADJ: "Arkansawan"
  english_missouri_area_scripted_country_name: "Missouri" 
  english_missouri_area_scripted_country_name_ADJ: "Missourian"
  english_iowa_area_scripted_country_name: "Iowa" 
  english_iowa_area_scripted_country_name_ADJ: "Iowan"
  english_minnesota_area_scripted_country_name: "Minnesota" 
  english_minnesota_area_scripted_country_name_ADJ: "Minnesotan"
  english_superior_area_scripted_country_name: "Lake Superior" 
  english_superior_area_scripted_country_name_ADJ: "Yooper"
  english_north_dakota_area_scripted_country_name: "North Dakota" 
  english_north_dakota_area_scripted_country_name_ADJ: "North Dakotan"
  english_south_dakota_area_scripted_country_name: "South Dakota" 
  english_south_dakota_area_scripted_country_name_ADJ: "South Dakotan"
  english_central_plains_area_scripted_country_name: "Kansas" 
  english_central_plains_area_scripted_country_name_ADJ: "Kansan"
  english_natahende_area_scripted_country_name: "New Mexico" 
  english_natahende_area_scripted_country_name_ADJ: "New Mexican"
  english_high_plains_area_scripted_country_name: "Colorado" 
  english_high_plains_area_scripted_country_name_ADJ: "Coloradan"
  english_badlands_area_scripted_country_name: "Wyoming" 
  english_badlands_area_scripted_country_name_ADJ: "Wyomingite"
  english_upper_missouri_area_scripted_country_name: "Montana" 
  english_upper_missouri_area_scripted_country_name_ADJ: "Montanan"
  english_athabasca_area_scripted_country_name: "Athabaska" 
  english_athabasca_area_scripted_country_name_ADJ: "Athabaskan"
  english_saskatchewan_area_scripted_country_name: "Saskatchewan" 
  english_saskatchewan_area_scripted_country_name_ADJ: "Saskatchewan"
  english_keewatin_n_area_scripted_country_name: "North Keewatin" 
  english_keewatin_n_area_scripted_country_name_ADJ: "North Keewatiner"
  english_red_river_area_scripted_country_name: "Red River" 
  english_red_river_area_scripted_country_name_ADJ: "Red Riverian"
  english_mexihko_area_scripted_country_name: "Masheecaw" 
  english_mexihko_area_scripted_country_name_ADJ: "Masheecawn"
  english_tlaxcala_area_scripted_country_name: "Tleshcow" 
  english_tlaxcala_area_scripted_country_name_ADJ: "Tleshcow"
  english_puebla_area_scripted_country_name: "Tleshcow" 
  english_puebla_area_scripted_country_name_ADJ: "Tleshcow"
  english_huaxyacac_area_scripted_country_name: "Oashacks" 
  english_huaxyacac_area_scripted_country_name_ADJ: "Oashackan"
  english_tochtepec_area_scripted_country_name: "True Cross" 
  english_tochtepec_area_scripted_country_name_ADJ: "True Crucian"
  english_michoacan_area_scripted_country_name: "Meeshoacan" 
  english_michoacan_area_scripted_country_name_ADJ: "Meeshoacanite"
  english_xilotepec_area_scripted_country_name: "Silverborough" 
  english_xilotepec_area_scripted_country_name_ADJ: "Silverboroughan"
  english_xalisco_area_scripted_country_name: "Shalisk" 
  english_xalisco_area_scripted_country_name_ADJ: "Shalisker"
  english_minas_gerais_area_scripted_country_name: "Goldfields" 
  english_minas_gerais_area_scripted_country_name_ADJ: "Goldfielder"
  english_mayaab_area_scripted_country_name: "Yucatan" 
  english_mayaab_area_scripted_country_name_ADJ: "Yucataner"
  english_chilapan_area_scripted_country_name: "Cheelapan" 
  english_chilapan_area_scripted_country_name_ADJ: "Cheelapaner"
  english_puuk_area_scripted_country_name: "Camperch" 
  english_puuk_area_scripted_country_name_ADJ: "Campercher"
  english_chactemal_area_scripted_country_name: "Shactemaw" 
  english_chactemal_area_scripted_country_name_ADJ: "Shactemaw"
  english_peten_area_scripted_country_name: "Belize River" 
  english_peten_area_scripted_country_name_ADJ: "Belizean"
  english_tezulutlan_area_scripted_country_name: "Gwatemaw" 
  english_tezulutlan_area_scripted_country_name_ADJ: "Gwatemawler"
  english_kuskatan_area_scripted_country_name: "Gwaymoore" 
  english_kuskatan_area_scripted_country_name_ADJ: "Gwaymoorean"
  english_imabite_area_scripted_country_name: "Neecaragwa" 
  english_imabite_area_scripted_country_name_ADJ: "Neecaragwan"
  english_nekokiaw_area_scripted_country_name: "Richcoast" 
  english_nekokiaw_area_scripted_country_name_ADJ: "Richcoaster"
  english_zacatecas_area_scripted_country_name: "New Bristol" 
  english_zacatecas_area_scripted_country_name_ADJ: "New Bristolian"
  english_baja_area_scripted_country_name: "Old California" #Upper California known as New California irl
  english_baja_area_scripted_country_name_ADJ: "Old Californian"
  english_texas_area_scripted_country_name: "Texas" 
  english_texas_area_scripted_country_name_ADJ: "Texan"
  english_shiewhibak_area_scripted_country_name: "Arizona" 
  english_shiewhibak_area_scripted_country_name_ADJ: "Arizonan"
  english_alaxsxaq_area_scripted_country_name: "Alaska" 
  english_alaxsxaq_area_scripted_country_name_ADJ: "Alaskan"
  english_yukon_area_scripted_country_name: "Yukon" 
  english_yukon_area_scripted_country_name_ADJ: "Yukoner"
  english_columbia_interior_area_scripted_country_name: "New Caledonia" #HBC fur trade district
  english_columbia_interior_area_scripted_country_name_ADJ: "New Caledonian"
  english_california_area_scripted_country_name: "New Albion" #failed colony by Francis Drake
  english_california_area_scripted_country_name_ADJ: "New Albionian"
  english_great_basin_area_scripted_country_name: "Great Basin" 
  english_great_basin_area_scripted_country_name_ADJ: "Basinmen"
  english_rockies_area_scripted_country_name: "Great Pennines" 
  english_rockies_area_scripted_country_name_ADJ: "Great Pennine"
  english_hawaii_area_scripted_country_name: "Sandwich Islands" #Historical
  english_hawaii_area_scripted_country_name_ADJ: "Sandwich Islander"
  english_cascadia_area_scripted_country_name: "Columbia" #HBC fur trade district Oregon
  english_cascadia_area_scripted_country_name_ADJ: "Columbian"
  english_amazon_area_scripted_country_name: "Amazon" 
  english_amazon_area_scripted_country_name_ADJ: "Amazonian"
  english_tocantins_area_scripted_country_name: "Toucanteens" 
  english_tocantins_area_scripted_country_name_ADJ: "Toucanteenean"
  english_paraguay_area_scripted_country_name: "Peragway" 
  english_paraguay_area_scripted_country_name_ADJ: "Peragwayan"
  english_guapore_area_scripted_country_name: "Gwaporey" 
  english_guapore_area_scripted_country_name_ADJ: "Gwaporeyan"
  english_uruguay_area_scripted_country_name: "Uregway" 
  english_uruguay_area_scripted_country_name_ADJ: "Uregwayan"
  english_para_area_scripted_country_name: "Lower Amazon" 
  english_para_area_scripted_country_name_ADJ: "Lower Amazonian"
  english_mato_grosso_area_scripted_country_name: "The Thickets" 
  english_mato_grosso_area_scripted_country_name_ADJ: "Thicketlander"
  english_goias_area_scripted_country_name: "Goyes" 
  english_goias_area_scripted_country_name_ADJ: "Goyesan"
  english_maranhao_area_scripted_country_name: "Murahan" 
  english_maranhao_area_scripted_country_name_ADJ: "Murahanian"
  english_piaui_area_scripted_country_name: "Peeauy" 
  english_piaui_area_scripted_country_name_ADJ: "Peeauyan"
  english_ceara_area_scripted_country_name: "Seeara" 
  english_ceara_area_scripted_country_name_ADJ: "Seearan"
  english_paraiba_area_scripted_country_name: "Paraheeb" 
  english_paraiba_area_scripted_country_name_ADJ: "Paraheeban"
  english_pernambuco_area_scripted_country_name: "Pernambook" 
  english_pernambuco_area_scripted_country_name_ADJ: "Pernambooker"
  english_bahia_area_scripted_country_name: "Saints Bay" 
  english_bahia_area_scripted_country_name_ADJ: "Bayfolk"
  english_espirito_santo_area_scripted_country_name: "New Dover" 
  english_espirito_santo_area_scripted_country_name_ADJ: "New Doverite"
  english_rio_de_janeiro_area_scripted_country_name: "January River" #Alternatively something like Guanebare after the bay?
  english_rio_de_janeiro_area_scripted_country_name_ADJ: "Januarite"
  english_minas_gerais_area_scripted_country_name: "Goldfields" 
  english_minas_gerais_area_scripted_country_name_ADJ: "Goldfielder"
  english_sao_paulo_area_scripted_country_name: "Paulicia" #akin to George -> Georgia ia=y in english akin to Gasconia -> Gascony
  english_sao_paulo_area_scripted_country_name_ADJ: "Paulician"
  english_santa_catarina_area_scripted_country_name: "Catherinia" 
  english_santa_catarina_area_scripted_country_name_ADJ: "Catherinian"
  english_rio_grande_do_sul_area_scripted_country_name: "New South Thames" 
  english_rio_grande_do_sul_area_scripted_country_name_ADJ: "New South Thamsite"
  english_bogota_area_scripted_country_name: "Voltury" #vultures
  english_bogota_area_scripted_country_name_ADJ: "Volturian"
  english_andes_area_scripted_country_name: "Evermonts" 
  english_andes_area_scripted_country_name_ADJ: "Evermontean"
  english_quitu_area_scripted_country_name: "Keeto" 
  english_quitu_area_scripted_country_name_ADJ: "Keetoan"
  english_chala_area_scripted_country_name: "Rimak" 
  english_chala_area_scripted_country_name_ADJ: "Rimaker"
  english_atacama_area_scripted_country_name: "Plains of Thirst" 
  english_atacama_area_scripted_country_name_ADJ: "Thirstlander"
  english_cuyo_area_scripted_country_name: "New Cornwall" 
  english_cuyo_area_scripted_country_name_ADJ: "New Cornish"
  english_qullaw_area_scripted_country_name: "Pearu Uplands" 
  english_qullaw_area_scripted_country_name_ADJ: "Pearu Uplander"
  english_acamama_area_scripted_country_name: "Oldcastles" 
  english_acamama_area_scripted_country_name_ADJ: "Oldcastrian"
  english_galapagos_area_scripted_country_name: "New Scillies" 
  english_galapagos_area_scripted_country_name_ADJ: "Novoscillonian"
  english_chaco_area_scripted_country_name: "Nullaboria" 
  english_chaco_area_scripted_country_name_ADJ: "Nullaborian"
  english_la_plata_area_scripted_country_name: "River Plate" 
  english_la_plata_area_scripted_country_name_ADJ: "Platean"
  english_ngulumapu_area_scripted_country_name: "Chili" 
  english_ngulumapu_area_scripted_country_name_ADJ: "Chilian"
  english_pampa_area_scripted_country_name: "Drakeland" 
  english_pampa_area_scripted_country_name_ADJ: "Drakelander"
  english_puelmapu_area_scripted_country_name: "Black River" 
  english_puelmapu_area_scripted_country_name_ADJ: "Black Riverine"
  english_patagonia_area_scripted_country_name: "Little Cambria" #Y Wladfa
  english_patagonia_area_scripted_country_name_ADJ: "Little Cambrian"
  english_falklands_area_scripted_country_name: "The Falklands" 
  english_falklands_area_scripted_country_name_ADJ: "Falklander"
  english_south_georgia_area_scripted_country_name: "South Georgia" 
  english_south_georgia_area_scripted_country_name_ADJ: "South Georgian"
  english_rapa_nui_area_scripted_country_name: "Easter Island" 
  english_rapa_nui_area_scripted_country_name_ADJ: "Easter Islander"
  english_charcas_area_scripted_country_name: "Chukisaca" 
  english_charcas_area_scripted_country_name_ADJ: "Chukisacan"
  english_salta_de_tucuman_area_scripted_country_name: "Tookman Falls" 
  english_salta_de_tucuman_area_scripted_country_name_ADJ: "Tookmaner"
  english_cordoba_de_tucuman_area_scripted_country_name: "Tookman Plains" 
  english_cordoba_de_tucuman_area_scripted_country_name_ADJ: "Plains Tookmaner"
  english_boiaca_area_scripted_country_name: "Boyaco" 
  english_boiaca_area_scripted_country_name_ADJ: "Boyacoan"
  english_sinu_area_scripted_country_name: "New Granta" 
  english_sinu_area_scripted_country_name_ADJ: "Newgrantian"
  english_suchiimma_area_scripted_country_name: "Westernesse" 
  english_suchiimma_area_scripted_country_name_ADJ: "Westernessean"
  english_caracas_area_scripted_country_name: "New Washes" 
  english_caracas_area_scripted_country_name_ADJ: "New Washian"
  english_orinucu_area_scripted_country_name: "Oreenako" 
  english_orinucu_area_scripted_country_name_ADJ: "Oreenakoan"
  english_guayana_area_scripted_country_name: "Guyana" 
  english_guayana_area_scripted_country_name_ADJ: "Guyaner"
  english_northwest_coast_area_scripted_country_name: "Vancouver Island" #Colony of Vancouver Island in 1849
  english_northwest_coast_area_scripted_country_name_ADJ: "Vancouver Islander"
  english_southwestern_australia_area_scripted_country_name: "Swan River" #historical
  english_southwestern_australia_area_scripted_country_name_ADJ: "Swan Riverine"
  english_northwestern_australia_area_scripted_country_name: "Northwest Coast" 
  english_northwestern_australia_area_scripted_country_name_ADJ: "Northwestian"
  english_australian_northern_territory_area_scripted_country_name: "Northern Territory" 
  english_australian_northern_territory_area_scripted_country_name_ADJ: "Northern Territory"
  english_southeastern_australia_area_scripted_country_name: "New South Wales" 
  english_southeastern_australia_area_scripted_country_name_ADJ: "New South Welsh"
  english_south_australia_area_scripted_country_name: "South Australia" 
  english_south_australia_area_scripted_country_name_ADJ: "South Australian"
  english_south_island_area_scripted_country_name: "New Munster" #historical
  english_south_island_area_scripted_country_name_ADJ: "New Munsterian"
  english_north_island_area_scripted_country_name: "New Ulster" #historical
  english_north_island_area_scripted_country_name_ADJ: "New Ulsterite"