l_english: #This file is autogenerated! Don't modify it directly!!!
  dutch_greenland_area_scripted_country_name: "Groenland" #historical
  dutch_greenland_area_scripted_country_name_ADJ: "Groenlandse"
  dutch_quebec_area_scripted_country_name: "Kepeca" #transliteration
  dutch_quebec_area_scripted_country_name_ADJ: "Kepecaanse"
  dutch_laurentian_area_scripted_country_name: "Noorderberghen" #Northern Mountains
  dutch_laurentian_area_scripted_country_name_ADJ: "Noorderbergse"
  dutch_lower_canada_area_scripted_country_name: "Nedercanada" #historical
  dutch_lower_canada_area_scripted_country_name_ADJ: "Nedercanadese"
  dutch_jamesie_area_scripted_country_name: "Zilverbaay" #Fictional non-religious name for the Saint James Bay
  dutch_jamesie_area_scripted_country_name_ADJ: "Zilverbaayse"
  dutch_nunavik_area_scripted_country_name: "Ijssenoord" #Icy north.
  dutch_nunavik_area_scripted_country_name_ADJ: "Ijssenoordse"
  dutch_labrador_area_scripted_country_name: "Labrador" #historical
  dutch_labrador_area_scripted_country_name_ADJ: "Labradoriaanse"
  dutch_newfoundland_area_scripted_country_name: "Overwater" #Land across the water
  dutch_newfoundland_area_scripted_country_name_ADJ: "Overwaterse"
  dutch_prince_edward_island_area_scripted_country_name: "Prinseneiland" #Prince's island
  dutch_prince_edward_island_area_scripted_country_name_ADJ: "Prinsiaanse"
  dutch_acadia_area_scripted_country_name: "Accadia" #historical
  dutch_acadia_area_scripted_country_name_ADJ: "Accadische"
  dutch_new_brunswick_area_scripted_country_name: "Nieuw Domburg" #After 'Domburg', coastal harbour in Zealand.
  dutch_new_brunswick_area_scripted_country_name_ADJ: "Nieuw Domburgse "
  dutch_eastern_ontario_area_scripted_country_name: "Oost Ontario" #translation
  dutch_eastern_ontario_area_scripted_country_name_ADJ: "Oost Ontariaanse"
  dutch_western_ontario_area_scripted_country_name: "West Ontario" #translation
  dutch_western_ontario_area_scripted_country_name_ADJ: "West Ontariaanse"
  dutch_northern_ontario_area_scripted_country_name: "Noord Ontario" #translation
  dutch_northern_ontario_area_scripted_country_name_ADJ: "Noord Ontariaanse"
  dutch_northwestern_ontario_area_scripted_country_name: "Noordwest Ontario" #translation
  dutch_northwestern_ontario_area_scripted_country_name_ADJ: "Noordwest Ontariaanse"
  dutch_greenstone_belt_area_scripted_country_name: "Abitibania" #After the local Abitibano
  dutch_greenstone_belt_area_scripted_country_name_ADJ: "Abitibaniaanse"
  dutch_keewatin_area_scripted_country_name: "Kiewietania" #After local Kiwetin
  dutch_keewatin_area_scripted_country_name_ADJ: "Kiewietaniaanse"
  dutch_cuba_area_scripted_country_name: "Cuba" #Historical
  dutch_cuba_area_scripted_country_name_ADJ: "Cubaanse"
  dutch_hispaniola_area_scripted_country_name: "Batavia Eylandt" #Similar to 'Hispaniola' but befitting a Dutch context. Adding Eylandt to differentiate it from Batavia in Indonesia.
  dutch_hispaniola_area_scripted_country_name_ADJ: "Bataafse"
  dutch_lesser_antilles_area_scripted_country_name: "Bovenwindse Eilanden" #Historical
  dutch_lesser_antilles_area_scripted_country_name_ADJ: "Bovenwindse Eilandense"
  dutch_panama_area_scripted_country_name: "Panama" #Historical
  dutch_panama_area_scripted_country_name_ADJ: "Panamiaanse"
  dutch_massachusetts_area_scripted_country_name: "Almouchicosen" #Historical: derived from the French term 'Almouchiquois' coined by Samuel de Champlain 1613, referencing the Algonquian. Appears on all Dutch maps since then as 'Almouchicoesen' or '-cosen'.
  dutch_massachusetts_area_scripted_country_name_ADJ: "Almouchicostische"
  dutch_southern_new_england_area_scripted_country_name: "Rodenbergh" #Historical: navigator Adriaen Block named the area near modern day Newhaven 'Rodenbergh' in 1614. The harbour built there later was later also named Rodenbergh, until the English changed its name to Newhaven.
  dutch_southern_new_england_area_scripted_country_name_ADJ: "Rodenbergse"
  dutch_vermont_area_scripted_country_name: "Missiskwia" #Semi-Historical: Originally named after the Iroquois. While not the heartland of the Iroquois, the Dutch back then didn't really care. With actual contact when colonizing, the Dutch would name the region after the local Mazipskoiak/Missiquoi
  dutch_vermont_area_scripted_country_name_ADJ: "Missiskwiaanse"
  dutch_new_hampshire_area_scripted_country_name: "Bergelandt" #Land of mountains'
  dutch_new_hampshire_area_scripted_country_name_ADJ: "Bergelandtse"
  dutch_maine_area_scripted_country_name: "Norumbega" #Historical: on old maps the territory was named as 'Norumbega pars', named after the mythical city of Norumbega. 
  dutch_maine_area_scripted_country_name_ADJ: "Norumbegische"
  dutch_hudson_area_scripted_country_name: "Mauritia" #Historical: the The Hudson river was named during Dutch rule as 'Mauritius' after Maurits of Orange, stadthouder of Holland and Zealand. Since the chance that the Dutch tag would have had a Maurits as a (former) ruler, this name is up for debate. Namesake of the island in the Indian Ocean also named after the same person. Alternatively, this region would be called Nieuw Amsterdam, named after the largest settlement.
  dutch_hudson_area_scripted_country_name_ADJ: "Mauritiaanse"
  dutch_haudenosaunee_area_scripted_country_name: "Irocoisia" #Semi-Historical: originally, Vermont was erroneously named Irocoisia. To make ethnographically more accurate, it should encompass Haudenosaunee. After all Blaeu never visited the region, people settling it would.
  dutch_haudenosaunee_area_scripted_country_name_ADJ: "Irocoisische"
  dutch_new_jersey_area_scripted_country_name: "Pavonia" #Historical: There were only few notable Dutch settlement, one of them being Pavonia, now Hoboken/Jersey City. It was named after Michiel Reyniersz Pauw, a local plantation owner. Pavonia being the latinized version of his surname 'Pauw'.
  dutch_new_jersey_area_scripted_country_name_ADJ: "Pavoniaanse"
  dutch_pennsylvania_area_scripted_country_name: "Blommaertsbosch" #Blommaert's forest. Named after Samuel Blommaert, alongside Minuit major shareholder in the Swedish company.
  dutch_pennsylvania_area_scripted_country_name_ADJ: "Blommaertse"
  dutch_westsylvania_area_scripted_country_name: "Vrijbosch" #Free Forest
  dutch_westsylvania_area_scripted_country_name_ADJ: "Vrijboscherse"
  dutch_maryland_area_scripted_country_name: "Sint Michielsbaai" #After Saint Michael, patron saint of the musketeers of Amsterdam.
  dutch_maryland_area_scripted_country_name_ADJ: "Sint Michielse"
  dutch_virginia_area_scripted_country_name: "Nederoranje" #After 'Oranje', the stadtholders family of the Netherlands. "Lower Orange"
  dutch_virginia_area_scripted_country_name_ADJ: "Nederorangijnse"
  dutch_west_virginia_area_scripted_country_name: "Overoranje" #After 'Oranje', the stadtholders family of the Netherlands. "Higher Orange"
  dutch_west_virginia_area_scripted_country_name_ADJ: "Overorangijnse"
  dutch_north_carolina_area_scripted_country_name: "Zandhoek" #Sandy point
  dutch_north_carolina_area_scripted_country_name_ADJ: "Zandhoekse"
  dutch_south_carolina_area_scripted_country_name: "Sint Andrieslandt" #After saint Andrew.
  dutch_south_carolina_area_scripted_country_name_ADJ: "Sint Andrieslandtse"
  dutch_georgia_us_area_scripted_country_name: "Vrijborch" #Free fortress
  dutch_georgia_us_area_scripted_country_name_ADJ: "Vrijborchse"
  dutch_florida_area_scripted_country_name: "Floralia" #After the latin word for Flower, in line with 'Florida' but within Dutch terminology.
  dutch_florida_area_scripted_country_name_ADJ: "Floralische"
  dutch_tennessee_area_scripted_country_name: "Tanasia" #After the local Tanasi
  dutch_tennessee_area_scripted_country_name_ADJ: "Tanasiaanse"
  dutch_kentucky_area_scripted_country_name: "Wilderbosch" #Wild Forest
  dutch_kentucky_area_scripted_country_name_ADJ: "Wilderboscherse"
  dutch_ohio_area_scripted_country_name: "Kanomakerslandt" #Dutch name for land of the people that make canoes. Historical name given by the Dutch to the natives around the Great Lake area
  dutch_ohio_area_scripted_country_name_ADJ: "Kanomakerse"
  dutch_indiana_area_scripted_country_name: "Nieuw Gelderlandt" #After Gelderland
  dutch_indiana_area_scripted_country_name_ADJ: "Nieuw Gelderse"
  dutch_michigan_area_scripted_country_name: "Meerenlandt" #Land of lakes
  dutch_michigan_area_scripted_country_name_ADJ: "Meerse"
  dutch_illinois_area_scripted_country_name: "Illinoisia" #After the Illinois/Illiniwek
  dutch_illinois_area_scripted_country_name_ADJ: "Illinoisiaanse"
  dutch_wisconsin_area_scripted_country_name: "Meskonia" #After local Meskonsing, same origin as Wisconsin
  dutch_wisconsin_area_scripted_country_name_ADJ: "Meskoniaanse"
  dutch_alabama_area_scripted_country_name: "Van Peerelandt" #After Abraham van Peere, founder of Guyana
  dutch_alabama_area_scripted_country_name_ADJ: "Van Peerelandtse"
  dutch_mississippi_area_scripted_country_name: "Rivierlandt" #Riverland
  dutch_mississippi_area_scripted_country_name_ADJ: "Rivierlandtse"
  dutch_louisiana_area_scripted_country_name: "Brabantia" #After the duchy of Brabant
  dutch_louisiana_area_scripted_country_name_ADJ: "Brabantiaanse"
  dutch_arkansas_area_scripted_country_name: "Akansalandt" #After local Akansa
  dutch_arkansas_area_scripted_country_name_ADJ: "Akansiaanse"
  dutch_missouri_area_scripted_country_name: "Missouria" #After local Missouri/Sisouan
  dutch_missouri_area_scripted_country_name_ADJ: "Missouriaanse"
  dutch_iowa_area_scripted_country_name: "Vrijeveldt" #Free fields
  dutch_iowa_area_scripted_country_name_ADJ: "Vrijeveldtse"
  dutch_minnesota_area_scripted_country_name: "Kiliaenia" #After Kiliaen van Rensselaer. By the time anyone settled this, Kiliaen should be seen as one of the most influential figures in early Dutch overseas expansion.
  dutch_minnesota_area_scripted_country_name_ADJ: "Kiliaense"
  dutch_superior_area_scripted_country_name: "Bovenmeer" #Translation
  dutch_superior_area_scripted_country_name_ADJ: "Bovenmeerse"
  dutch_natahende_area_scripted_country_name: "Proventia" #From the latin word for 'divine providence'
  dutch_natahende_area_scripted_country_name_ADJ: "Proventiaans"
  dutch_high_plains_area_scripted_country_name: "Vredevlakte" #Plain of peace
  dutch_high_plains_area_scripted_country_name_ADJ: "Vredevlaktse"
  dutch_badlands_area_scripted_country_name: "Woestberghe" #Barren hills
  dutch_badlands_area_scripted_country_name_ADJ: "Woestbergse"
  dutch_red_river_area_scripted_country_name: "Bloedrivier" #Translation of Blood River, sounds better than Rode Rivier/Roodrivier
  dutch_red_river_area_scripted_country_name_ADJ: "Bloedrivierse"
  dutch_maranhao_area_scripted_country_name: "Alkmaaria" #After the city of Alkmaar
  dutch_maranhao_area_scripted_country_name_ADJ: "Alkmaariaanse"
  dutch_ceara_area_scripted_country_name: "Schoonenborch" #Semi-historical: Fortaleza was known during Dutch rule as 'Schoonenborch' but the captaincies kept the original Portuguese names. Meaning 'beautiful fortress.
  dutch_ceara_area_scripted_country_name_ADJ: "Schoonenborchse"
  dutch_paraiba_area_scripted_country_name: "Frederikslandt" #Semi-historical: Joao Pessoa was known during Dutch rule as 'Frederikstadt' but the captaincies kept the original Portuguese names. Named after Frederik Hendrik van Nassau.
  dutch_paraiba_area_scripted_country_name_ADJ: "Frederikslandtse"
  dutch_pernambuco_area_scripted_country_name: "Mauritslandt" #Semi-historical: Recife was known during Dutch rule as 'Mauritsstadt' but the captaincies kept the original Portuguese names. Mauritius and Mauritia already used on different places. This one is named after a different Maurits, however. 
  dutch_pernambuco_area_scripted_country_name_ADJ: "Mauritslandtse"
  dutch_bahia_area_scripted_country_name: "Nassovia" #Semi-historical: The fort in Salvador was known during Dutch rule as 'Fort Nassau' but the captaincies kept the original Portuguese names. Named after Nassau.
  dutch_bahia_area_scripted_country_name_ADJ: "Nassoviaanse"
  dutch_espirito_santo_area_scripted_country_name: "Nieuwe Hoop" #New Hope, reference to the Cape of Good Hope
  dutch_espirito_santo_area_scripted_country_name_ADJ: "Nieuwhoopse"
  dutch_rio_de_janeiro_area_scripted_country_name: "Loncklandt" #After Hendrick Lonck, navigator and important figure in the Dutch conquest of Brazil
  dutch_rio_de_janeiro_area_scripted_country_name_ADJ: "Loncklandtse"
  dutch_minas_gerais_area_scripted_country_name: "Goudevelt" #Gold fields
  dutch_minas_gerais_area_scripted_country_name_ADJ: "Goudeveltse"
  dutch_falklands_area_scripted_country_name: "Valkenlandt" #Literal translation of Falklands
  dutch_falklands_area_scripted_country_name_ADJ: "Valkenlandtse"
  dutch_guayana_area_scripted_country_name: "Suriname" #Historical
  dutch_guayana_area_scripted_country_name_ADJ: "Surinaamse"
  dutch_southwestern_australia_area_scripted_country_name: "Janszoonlandt" 
  dutch_southwestern_australia_area_scripted_country_name_ADJ: "Janszoonlandt"
  dutch_northwestern_australia_area_scripted_country_name: "Nieuw-Holland" 
  dutch_northwestern_australia_area_scripted_country_name_ADJ: "Nieuw-Holland"
  dutch_southeastern_australia_area_scripted_country_name: "Nuytslandt" 
  dutch_southeastern_australia_area_scripted_country_name_ADJ: "Nuytslandt"
  dutch_south_australia_area_scripted_country_name: "Anthoonij van Diemenslandt" 
  dutch_south_australia_area_scripted_country_name_ADJ: "Anthoonij van Diemenslandt"
  dutch_south_island_area_scripted_country_name: "Nieuw Zeeland" 
  dutch_south_island_area_scripted_country_name_ADJ: "Nieuw Zeeland"
  dutch_north_island_area_scripted_country_name: "Statenlandt" 
  dutch_north_island_area_scripted_country_name_ADJ: "Statenlandt"