l_english: #This file is autogenerated! Don't modify it directly!!!
  default_greenland_area_scripted_country_name: "Greenland" 
  default_greenland_area_scripted_country_name_ADJ: "Greenland"
  default_quebec_area_scripted_country_name: "Quebec" 
  default_quebec_area_scripted_country_name_ADJ: "Quebec"
  default_laurentian_area_scripted_country_name: "Laurentian" #Laurentian Mountains not Laurentia
  default_laurentian_area_scripted_country_name_ADJ: "Laurentian"
  default_lower_canada_area_scripted_country_name: "Lower Canada" 
  default_lower_canada_area_scripted_country_name_ADJ: "Lower Canada"
  default_jamesie_area_scripted_country_name: "Jamesie" 
  default_jamesie_area_scripted_country_name_ADJ: "Jamesie"
  default_nunavik_area_scripted_country_name: "Nunavik" 
  default_nunavik_area_scripted_country_name_ADJ: "Nunavik"
  default_labrador_area_scripted_country_name: "Labrador" 
  default_labrador_area_scripted_country_name_ADJ: "Labrador"
  default_newfoundland_area_scripted_country_name: "Newfoundland" 
  default_newfoundland_area_scripted_country_name_ADJ: "Newfoundland"
  default_prince_edward_island_area_scripted_country_name: "Prince Edward Island" 
  default_prince_edward_island_area_scripted_country_name_ADJ: "Prince Edward Island"
  default_acadia_area_scripted_country_name: "Acadia" 
  default_acadia_area_scripted_country_name_ADJ: "Acadian"
  default_new_brunswick_area_scripted_country_name: "New Brunswick" 
  default_new_brunswick_area_scripted_country_name_ADJ: "New Brunswick"
  default_eastern_ontario_area_scripted_country_name: "Eastern Ontario" 
  default_eastern_ontario_area_scripted_country_name_ADJ: "Eastern Ontario"
  default_western_ontario_area_scripted_country_name: "Western Ontario" 
  default_western_ontario_area_scripted_country_name_ADJ: "Western Ontario"
  default_northern_ontario_area_scripted_country_name: "Northern Ontario" 
  default_northern_ontario_area_scripted_country_name_ADJ: "Northern Ontario"
  default_northwestern_ontario_area_scripted_country_name: "Northwestern Ontario" 
  default_northwestern_ontario_area_scripted_country_name_ADJ: "Northwestern Ontario"
  default_greenstone_belt_area_scripted_country_name: "Greenstone Belt" 
  default_greenstone_belt_area_scripted_country_name_ADJ: "Greenstone Belt"
  default_keewatin_area_scripted_country_name: "Keewatin" 
  default_keewatin_area_scripted_country_name_ADJ: "Keewatin"
  default_cuba_area_scripted_country_name: "Cuba" 
  default_cuba_area_scripted_country_name_ADJ: "Cuba"
  default_hispaniola_area_scripted_country_name: "Hispaniola" 
  default_hispaniola_area_scripted_country_name_ADJ: "Hispaniola"
  default_lesser_antilles_area_scripted_country_name: "Lesser Antilles" 
  default_lesser_antilles_area_scripted_country_name_ADJ: "Lesser Antilles"
  default_panama_area_scripted_country_name: "Panama" 
  default_panama_area_scripted_country_name_ADJ: "Panama"
  default_massachusetts_area_scripted_country_name: "Massachusetts" 
  default_massachusetts_area_scripted_country_name_ADJ: "Massachusetts"
  default_southern_new_england_area_scripted_country_name: "Connecticut" #Southern New England
  default_southern_new_england_area_scripted_country_name_ADJ: "Connecticuter"
  default_vermont_area_scripted_country_name: "Vermont" 
  default_vermont_area_scripted_country_name_ADJ: "Vermont"
  default_new_hampshire_area_scripted_country_name: "Merrimack" #indigenous name of a river
  default_new_hampshire_area_scripted_country_name_ADJ: "Merrimack"
  default_maine_area_scripted_country_name: "Wabanakia" #indigenous 'neutral' name could also be Pennoscott after the river...?
  default_maine_area_scripted_country_name_ADJ: "Wabanakia"
  default_hudson_area_scripted_country_name: "Hudson" 
  default_hudson_area_scripted_country_name_ADJ: "Hudson"
  default_haudenosaunee_area_scripted_country_name: "Haudenosaunee" 
  default_haudenosaunee_area_scripted_country_name_ADJ: "Haudenosaunee"
  default_new_jersey_area_scripted_country_name: "New Jersey" 
  default_new_jersey_area_scripted_country_name_ADJ: "New Jersey"
  default_pennsylvania_area_scripted_country_name: "Pennsylvania" 
  default_pennsylvania_area_scripted_country_name_ADJ: "Pennsylvania"
  default_westsylvania_area_scripted_country_name: "Allegheny" 
  default_westsylvania_area_scripted_country_name_ADJ: "Allegheny"
  default_maryland_area_scripted_country_name: "Maryland" 
  default_maryland_area_scripted_country_name_ADJ: "Marylander"
  default_virginia_area_scripted_country_name: "Virginia" 
  default_virginia_area_scripted_country_name_ADJ: "Virginian"
  default_west_virginia_area_scripted_country_name: "West Virginia" 
  default_west_virginia_area_scripted_country_name_ADJ: "West Virginian"
  default_north_carolina_area_scripted_country_name: "North Carolina" 
  default_north_carolina_area_scripted_country_name_ADJ: "North Carolinian"
  default_south_carolina_area_scripted_country_name: "South Carolina" 
  default_south_carolina_area_scripted_country_name_ADJ: "South Carolinian"
  default_georgia_us_area_scripted_country_name: "Georgia" 
  default_georgia_us_area_scripted_country_name_ADJ: "Georgian"
  default_florida_area_scripted_country_name: "Florida" 
  default_florida_area_scripted_country_name_ADJ: "Floridian"
  default_tennessee_area_scripted_country_name: "Tennessee" 
  default_tennessee_area_scripted_country_name_ADJ: "Tennessean"
  default_kentucky_area_scripted_country_name: "Kentucky" 
  default_kentucky_area_scripted_country_name_ADJ: "Kentuckian"
  default_ohio_area_scripted_country_name: "Ohio" 
  default_ohio_area_scripted_country_name_ADJ: "Ohioan"
  default_indiana_area_scripted_country_name: "Indiana" 
  default_indiana_area_scripted_country_name_ADJ: "Hoosier"
  default_michigan_area_scripted_country_name: "Michigan" 
  default_michigan_area_scripted_country_name_ADJ: "Michigander"
  default_illinois_area_scripted_country_name: "Illinois" 
  default_illinois_area_scripted_country_name_ADJ: "Illinoisan"
  default_wisconsin_area_scripted_country_name: "Wisconsin" 
  default_wisconsin_area_scripted_country_name_ADJ: "Wisconsinite"
  default_alabama_area_scripted_country_name: "Alabama" 
  default_alabama_area_scripted_country_name_ADJ: "Alabamian"
  default_mississippi_area_scripted_country_name: "Mississippi" 
  default_mississippi_area_scripted_country_name_ADJ: "Mississippian"
  default_louisiana_area_scripted_country_name: "Louisiana" 
  default_louisiana_area_scripted_country_name_ADJ: "Louisianian"
  default_arkansas_area_scripted_country_name: "Arkansas" 
  default_arkansas_area_scripted_country_name_ADJ: "Arkansan"
  default_missouri_area_scripted_country_name: "Missouri" 
  default_missouri_area_scripted_country_name_ADJ: "Missourian"
  default_iowa_area_scripted_country_name: "Iowa" 
  default_iowa_area_scripted_country_name_ADJ: "Iowan"
  default_minnesota_area_scripted_country_name: "Minnesota" 
  default_minnesota_area_scripted_country_name_ADJ: "Minnesotan"
  default_superior_area_scripted_country_name: "Superior" 
  default_superior_area_scripted_country_name_ADJ: "Yooper"
  default_north_dakota_area_scripted_country_name: "North Dakota" 
  default_north_dakota_area_scripted_country_name_ADJ: "North Dakotan"
  default_south_dakota_area_scripted_country_name: "South Dakota" 
  default_south_dakota_area_scripted_country_name_ADJ: "South Dakotan"
  default_central_plains_area_scripted_country_name: "Kansas" #Central Plains
  default_central_plains_area_scripted_country_name_ADJ: "Kansan"
  default_natahende_area_scripted_country_name: "New Mexico" #Natahende
  default_natahende_area_scripted_country_name_ADJ: "New Mexican"
  default_high_plains_area_scripted_country_name: "High Plains" 
  default_high_plains_area_scripted_country_name_ADJ: "High Plains"
  default_badlands_area_scripted_country_name: "Badlands" #Wyoming
  default_badlands_area_scripted_country_name_ADJ: "Badlander"
  default_upper_missouri_area_scripted_country_name: "Upper Missouri" #Montana?
  default_upper_missouri_area_scripted_country_name_ADJ: "Upper Missouri"
  default_athabasca_area_scripted_country_name: "Athabasca" 
  default_athabasca_area_scripted_country_name_ADJ: "Athabaskan"
  default_saskatchewan_area_scripted_country_name: "Saskatchewan" 
  default_saskatchewan_area_scripted_country_name_ADJ: "Saskatchewan"
  default_keewatin_n_area_scripted_country_name: "North Keewatin" 
  default_keewatin_n_area_scripted_country_name_ADJ: "North Keewatiner"
  default_red_river_area_scripted_country_name: "Red River" 
  default_red_river_area_scripted_country_name_ADJ: "Red River"
  default_mexihko_area_scripted_country_name: "Mexico" #Mexihko
  default_mexihko_area_scripted_country_name_ADJ: "Mexican"
  default_tlaxcala_area_scripted_country_name: "Tlaxcala" #Tlaxcala survived the conquest and colonial era as a vassal of Spain
  default_tlaxcala_area_scripted_country_name_ADJ: "Tlaxcala"
  default_puebla_area_scripted_country_name: "Puebla" 
  default_puebla_area_scripted_country_name_ADJ: "Puebla"
  default_guanajuato_area_scripted_country_name: "Guanajuato" 
  default_guanajuato_area_scripted_country_name_ADJ: "Guanajuato"
  default_oaxaca_area_scripted_country_name: "Oaxaca" 
  default_oaxaca_area_scripted_country_name_ADJ: "Oaxaca"
  default_veracruz_area_scripted_country_name: "Veracruz" 
  default_veracruz_area_scripted_country_name_ADJ: "Veracruz"
  default_huaxyacac_area_scripted_country_name: "Oaxaca" #Huaxyacac
  default_huaxyacac_area_scripted_country_name_ADJ: "Oaxaca"
  default_tochtepec_area_scripted_country_name: "Veracruz" #Tochtepec
  default_tochtepec_area_scripted_country_name_ADJ: "Veracruz"
  default_michoacan_area_scripted_country_name: "Michoacan" 
  default_michoacan_area_scripted_country_name_ADJ: "Michoacan"
  default_xilotepec_area_scripted_country_name: "Guanajuato" #Xilotepec
  default_xilotepec_area_scripted_country_name_ADJ: "Guanajuato"
  default_xalisco_area_scripted_country_name: "Xalisco" 
  default_xalisco_area_scripted_country_name_ADJ: "Xalisco"
  default_minas_gerais_area_scripted_country_name: "Minas Gerais" 
  default_minas_gerais_area_scripted_country_name_ADJ: "Minas Gerais"
  default_mayaab_area_scripted_country_name: "Yucatan" #Mayaab
  default_mayaab_area_scripted_country_name_ADJ: "Yucatan"
  default_chilapan_area_scripted_country_name: "Chilapan" 
  default_chilapan_area_scripted_country_name_ADJ: "Chilapan"
  default_puuk_area_scripted_country_name: "Campeche" #Puuk
  default_puuk_area_scripted_country_name_ADJ: "Campeche"
  default_chactemal_area_scripted_country_name: "Chactemal" 
  default_chactemal_area_scripted_country_name_ADJ: "Chactemal"
  default_peten_area_scripted_country_name: "Belize" #Peten
  default_peten_area_scripted_country_name_ADJ: "Belize"
  default_tezulutlan_area_scripted_country_name: "Guatemala" #Tezulutlan
  default_tezulutlan_area_scripted_country_name_ADJ: "Guatemala"
  default_kuskatan_area_scripted_country_name: "Kuskatan" 
  default_kuskatan_area_scripted_country_name_ADJ: "Kuskatan"
  default_imabite_area_scripted_country_name: "Nicaragua" #Imabite
  default_imabite_area_scripted_country_name_ADJ: "Nicaragua"
  default_nekokiaw_area_scripted_country_name: "Nekokiaw" 
  default_nekokiaw_area_scripted_country_name_ADJ: "Nekokiaw"
  default_zacatecas_area_scripted_country_name: "Zacatecas" 
  default_zacatecas_area_scripted_country_name_ADJ: "Zacatecas"
  default_baja_area_scripted_country_name: "Lower California" #Baja
  default_baja_area_scripted_country_name_ADJ: "Lower California"
  default_tahejoc_area_scripted_country_name: "Sonora" #Tahejoc
  default_tahejoc_area_scripted_country_name_ADJ: "Sonora"
  default_culiacan_area_scripted_country_name: "Culiacan" 
  default_culiacan_area_scripted_country_name_ADJ: "Culiacan"
  default_tamaulipeco_area_scripted_country_name: "Tamaulipeco" 
  default_tamaulipeco_area_scripted_country_name_ADJ: "Tamaulipeco"
  default_guachichil_area_scripted_country_name: "Guachichil" 
  default_guachichil_area_scripted_country_name_ADJ: "Guachichil"
  default_texas_area_scripted_country_name: "Texas" 
  default_texas_area_scripted_country_name_ADJ: "Texas"
  default_shiewhibak_area_scripted_country_name: "Arizona" #Shiewhibak
  default_shiewhibak_area_scripted_country_name_ADJ: "Arizona"
  default_alaxsxaq_area_scripted_country_name: "Alaska" #Alaxsxaq
  default_alaxsxaq_area_scripted_country_name_ADJ: "Alaska"
  default_yukon_area_scripted_country_name: "Yukon" 
  default_yukon_area_scripted_country_name_ADJ: "Yukon"
  default_columbia_interior_area_scripted_country_name: "Columbia Interior" 
  default_columbia_interior_area_scripted_country_name_ADJ: "Columbia Interior"
  default_california_area_scripted_country_name: "California" 
  default_california_area_scripted_country_name_ADJ: "California"
  default_great_basin_area_scripted_country_name: "Great Basin" 
  default_great_basin_area_scripted_country_name_ADJ: "Great Basin"
  default_rockies_area_scripted_country_name: "Rockies" 
  default_rockies_area_scripted_country_name_ADJ: "Rockies"
  default_hawaii_area_scripted_country_name: "Hawaii" 
  default_hawaii_area_scripted_country_name_ADJ: "Hawaii"
  default_cascadia_area_scripted_country_name: "Cascadia" 
  default_cascadia_area_scripted_country_name_ADJ: "Cascadia"
  default_amazon_area_scripted_country_name: "Amazon" 
  default_amazon_area_scripted_country_name_ADJ: "Amazon"
  default_tocantins_area_scripted_country_name: "Tocantins" 
  default_tocantins_area_scripted_country_name_ADJ: "Tocantins"
  default_mearim_area_scripted_country_name: "Mearim" 
  default_mearim_area_scripted_country_name_ADJ: "Mearim"
  default_paranaiba_area_scripted_country_name: "Paranaiba" 
  default_paranaiba_area_scripted_country_name_ADJ: "Paranaiba"
  default_jaguaribe_area_scripted_country_name: "Jaguaribe" 
  default_jaguaribe_area_scripted_country_name_ADJ: "Jaguaribe"
  default_parapitinga_area_scripted_country_name: "Parapitinga" 
  default_parapitinga_area_scripted_country_name_ADJ: "Parapitinga"
  default_pindorama_area_scripted_country_name: "Pindorama" 
  default_pindorama_area_scripted_country_name_ADJ: "Pindorama"
  default_parana_area_scripted_country_name: "Parana" 
  default_parana_area_scripted_country_name_ADJ: "Parana"
  default_paraguay_area_scripted_country_name: "Paraguay" 
  default_paraguay_area_scripted_country_name_ADJ: "Paraguay"
  default_guapore_area_scripted_country_name: "Guaporé" 
  default_guapore_area_scripted_country_name_ADJ: "Guaporé"
  default_uruguay_area_scripted_country_name: "Uruguay" 
  default_uruguay_area_scripted_country_name_ADJ: "Uruguay"
  default_para_area_scripted_country_name: "Para" 
  default_para_area_scripted_country_name_ADJ: "Para"
  default_mato_grosso_area_scripted_country_name: "Mato Grosso" 
  default_mato_grosso_area_scripted_country_name_ADJ: "Mato Grosso"
  default_goias_area_scripted_country_name: "Goias" 
  default_goias_area_scripted_country_name_ADJ: "Goias"
  default_maranhao_area_scripted_country_name: "Maranhao" 
  default_maranhao_area_scripted_country_name_ADJ: "Maranhao"
  default_piaui_area_scripted_country_name: "Piaui" 
  default_piaui_area_scripted_country_name_ADJ: "Piaui"
  default_ceara_area_scripted_country_name: "Ceara" 
  default_ceara_area_scripted_country_name_ADJ: "Ceara"
  default_paraiba_area_scripted_country_name: "Paraiba" 
  default_paraiba_area_scripted_country_name_ADJ: "Paraiba"
  default_pernambuco_area_scripted_country_name: "Pernambuco" 
  default_pernambuco_area_scripted_country_name_ADJ: "Pernambuco"
  default_bahia_area_scripted_country_name: "Bahia" 
  default_bahia_area_scripted_country_name_ADJ: "Bahia"
  default_espirito_santo_area_scripted_country_name: "Espirito Santo" 
  default_espirito_santo_area_scripted_country_name_ADJ: "Espirito Santo"
  default_rio_de_janeiro_area_scripted_country_name: "Rio de Janeiro" 
  default_rio_de_janeiro_area_scripted_country_name_ADJ: "Rio de Janeiro"
  default_minas_gerais_area_scripted_country_name: "Minas Gerais" 
  default_minas_gerais_area_scripted_country_name_ADJ: "Minas Gerais"
  default_sao_paulo_area_scripted_country_name: "São Paulo" 
  default_sao_paulo_area_scripted_country_name_ADJ: "São Paulo"
  default_santa_catarina_area_scripted_country_name: "Santa Catarina" 
  default_santa_catarina_area_scripted_country_name_ADJ: "Santa Catarina"
  default_rio_grande_do_sul_area_scripted_country_name: "Rio Grande Do Sul" 
  default_rio_grande_do_sul_area_scripted_country_name_ADJ: "Rio Grande Do Sul"
  default_bogota_area_scripted_country_name: "Bogota" 
  default_bogota_area_scripted_country_name_ADJ: "Bogota"
  default_andes_area_scripted_country_name: "Andes" 
  default_andes_area_scripted_country_name_ADJ: "Andes"
  default_quitu_area_scripted_country_name: "Quitu" 
  default_quitu_area_scripted_country_name_ADJ: "Quitu"
  default_chala_area_scripted_country_name: "Chala" 
  default_chala_area_scripted_country_name_ADJ: "Chala"
  default_atacama_area_scripted_country_name: "Atacama" 
  default_atacama_area_scripted_country_name_ADJ: "Atacama"
  default_cuyo_area_scripted_country_name: "Cuyo" 
  default_cuyo_area_scripted_country_name_ADJ: "Cuyo"
  default_yunga_area_scripted_country_name: "Yunga" 
  default_yunga_area_scripted_country_name_ADJ: "Yunga"
  default_puna_area_scripted_country_name: "Puna" 
  default_puna_area_scripted_country_name_ADJ: "Puna"
  default_qullaw_area_scripted_country_name: "Qullaw" 
  default_qullaw_area_scripted_country_name_ADJ: "Qullaw"
  default_acamama_area_scripted_country_name: "Acamama" 
  default_acamama_area_scripted_country_name_ADJ: "Acamama"
  default_suni_area_scripted_country_name: "Suni" 
  default_suni_area_scripted_country_name_ADJ: "Suni"
  default_rupa_rupa_area_scripted_country_name: "Rupa Rupa" 
  default_rupa_rupa_area_scripted_country_name_ADJ: "Rupa Rupa"
  default_galapagos_area_scripted_country_name: "Galapagos" 
  default_galapagos_area_scripted_country_name_ADJ: "Galapagos"
  default_chaco_area_scripted_country_name: "Chaco" 
  default_chaco_area_scripted_country_name_ADJ: "Chaco"
  default_la_plata_area_scripted_country_name: "La Plata" 
  default_la_plata_area_scripted_country_name_ADJ: "La Plata"
  default_ngulumapu_area_scripted_country_name: "Ngulumapu" 
  default_ngulumapu_area_scripted_country_name_ADJ: "Ngulumapu"
  default_juan_fernandez_area_scripted_country_name: "Juan Fernandez" 
  default_juan_fernandez_area_scripted_country_name_ADJ: "Juan Fernandez"
  default_mamore_area_scripted_country_name: "Mamore" 
  default_mamore_area_scripted_country_name_ADJ: "Mamore"
  default_paranena_area_scripted_country_name: "Paranena" 
  default_paranena_area_scripted_country_name_ADJ: "Paranena"
  default_ayoreo_area_scripted_country_name: "Ayoreo" 
  default_ayoreo_area_scripted_country_name_ADJ: "Ayoreo"
  default_moqoit_area_scripted_country_name: "Moqoit" 
  default_moqoit_area_scripted_country_name_ADJ: "Moqoit"
  default_pampa_area_scripted_country_name: "Pampa" 
  default_pampa_area_scripted_country_name_ADJ: "Pampa"
  default_puelmapu_area_scripted_country_name: "Puelmapu" 
  default_puelmapu_area_scripted_country_name_ADJ: "Puelmapu"
  default_patagonia_area_scripted_country_name: "Patagonia" 
  default_patagonia_area_scripted_country_name_ADJ: "Patagonia"
  default_falklands_area_scripted_country_name: "Falklands" 
  default_falklands_area_scripted_country_name_ADJ: "Falklands"
  default_south_georgia_area_scripted_country_name: "South Georgia" 
  default_south_georgia_area_scripted_country_name_ADJ: "South Georgia"
  default_rapa_nui_area_scripted_country_name: "Rapa Nui" 
  default_rapa_nui_area_scripted_country_name_ADJ: "Rapa Nui"
  default_charcas_area_scripted_country_name: "Charcas" 
  default_charcas_area_scripted_country_name_ADJ: "Charcas"
  default_salta_de_tucuman_area_scripted_country_name: "North Tucuman" 
  default_salta_de_tucuman_area_scripted_country_name_ADJ: "North Tucuman"
  default_cordoba_de_tucuman_area_scripted_country_name: "South Tucuman" 
  default_cordoba_de_tucuman_area_scripted_country_name_ADJ: "South Tucuman"
  default_boiaca_area_scripted_country_name: "Tunja" 
  default_boiaca_area_scripted_country_name_ADJ: "Tunja"
  default_sinu_area_scripted_country_name: "Cartagena" 
  default_sinu_area_scripted_country_name_ADJ: "Cartagena"
  default_suchiimma_area_scripted_country_name: "Maracaibo" 
  default_suchiimma_area_scripted_country_name_ADJ: "Maracaibo"
  default_caracas_area_scripted_country_name: "Caracas" 
  default_caracas_area_scripted_country_name_ADJ: "Caracas"
  default_orinucu_area_scripted_country_name: "Orinoco" 
  default_orinucu_area_scripted_country_name_ADJ: "Orinoco"
  default_apure_area_scripted_country_name: "Apure" 
  default_apure_area_scripted_country_name_ADJ: "Apure"
  default_chunsa_area_scripted_country_name: "Bogotá" 
  default_chunsa_area_scripted_country_name_ADJ: "Bogotá"
  default_caly_area_scripted_country_name: "Popayán" 
  default_caly_area_scripted_country_name_ADJ: "Popayán"
  default_guayana_area_scripted_country_name: "Guyana" 
  default_guayana_area_scripted_country_name_ADJ: "Guyana"
  default_northwest_coast_area_scripted_country_name: "Northwest Coast" 
  default_northwest_coast_area_scripted_country_name_ADJ: "Northwest Coast"
  default_southwestern_australia_area_scripted_country_name: "Southwestern Australia" 
  default_southwestern_australia_area_scripted_country_name_ADJ: "Southwestern Australia"
  default_northwestern_australia_area_scripted_country_name: "Northwestern Australia" 
  default_northwestern_australia_area_scripted_country_name_ADJ: "Northwestern Australia"
  default_australian_northern_territory_area_scripted_country_name: "Northern Territory" 
  default_australian_northern_territory_area_scripted_country_name_ADJ: "Northern Territory"
  default_australian_yalanji_area_scripted_country_name: "Yalanji" 
  default_australian_yalanji_area_scripted_country_name_ADJ: "Yalanji"
  default_eastern_australia_area_scripted_country_name: "Eastern Australia" 
  default_eastern_australia_area_scripted_country_name_ADJ: "Eastern Australia"
  default_southeastern_australia_area_scripted_country_name: "Southeastern Australia" 
  default_southeastern_australia_area_scripted_country_name_ADJ: "Southeastern Australia"
  default_south_australia_area_scripted_country_name: "South Australia" 
  default_south_australia_area_scripted_country_name_ADJ: "South Australia"
  default_south_island_area_scripted_country_name: "South Island" 
  default_south_island_area_scripted_country_name_ADJ: "South Island"
  default_north_island_area_scripted_country_name: "North Island" 
  default_north_island_area_scripted_country_name_ADJ: "North Island"