l_english:
 #jamaica_scripted_country_name: "Jamaica"
 #jamaica_scripted_country_name_ADJ: "Jamaican"
 france_antartique_scripted_country_name: "France Antartique"
 france_antartique_scripted_country_name_ADJ: "Antartique"
 france_equinoxiale_scripted_country_name: "France Équinoxiale"
 france_equinoxiale_scripted_country_name_ADJ: "Équinoxiale"
 rio_da_prata_scripted_country_name: "Rio da Prata"
 rio_da_prata_scripted_country_name_ADJ: "Platinean"
 grao_para_scripted_country_name: "Grão-Pará"
 grao_para_scripted_country_name_ADJ: "Grão-Paraense"
 conquistador_new_castile_scripted_country_name: "New Castile"
 conquistador_new_leon_scripted_country_name: "New Leon"
 conquistador_new_toledo_scripted_country_name: "New Toledo"
 conquistador_new_andalusia_scripted_country_name: "New Andalusia"
 conquistador_new_murcia_scripted_country_name: "New Murcia"
 conquistador_new_navarra_scripted_country_name: "New Navarra"
 conquistador_new_galicia_scripted_country_name: "New Galicia"
 conquistador_new_estremadura_scripted_country_name: "New Estremadura"
 conquistador_new_alentejo_scripted_country_name: "New Alentejo"
 conquistador_new_minho_scripted_country_name: "New Minho"
 conquistador_new_beira_scripted_country_name: "New Beira"
 conquistador_new_algarve_scripted_country_name: "New Algarve"