l_english: #This file is autogenerated! Don't modify it directly!!!
  spanish_greenland_area_scripted_country_name: "Tierraverde" 
  spanish_greenland_area_scripted_country_name_ADJ: "Tierraverde"
  spanish_quebec_area_scripted_country_name: "Quebeque" 
  spanish_quebec_area_scripted_country_name_ADJ: "Quebeque"
  spanish_laurentian_area_scripted_country_name: "San Lorenzo" 
  spanish_laurentian_area_scripted_country_name_ADJ: "San Lorenzo"
  spanish_lower_canada_area_scripted_country_name: "Bajo Canada" 
  spanish_lower_canada_area_scripted_country_name_ADJ: "Bajo Canada"
  spanish_jamesie_area_scripted_country_name: "Bahía de Santiago" 
  spanish_jamesie_area_scripted_country_name_ADJ: "Bahía de Santiago"
  spanish_nunavik_area_scripted_country_name: "Nunavic" 
  spanish_nunavik_area_scripted_country_name_ADJ: "Nunavic"
  spanish_labrador_area_scripted_country_name: "Labrador" 
  spanish_labrador_area_scripted_country_name_ADJ: "Labrador"
  spanish_newfoundland_area_scripted_country_name: "Barrachoa" #historical name
  spanish_newfoundland_area_scripted_country_name_ADJ: "Barrachoa"
  spanish_prince_edward_island_area_scripted_country_name: "Isla de San Juan" #historical name
  spanish_prince_edward_island_area_scripted_country_name_ADJ: "Isla de San Juan"
  spanish_acadia_area_scripted_country_name: "La Ensenada" #historical name
  spanish_acadia_area_scripted_country_name_ADJ: "La Ensenada"
  spanish_new_brunswick_area_scripted_country_name: "Rio de los Gamos" #historical name
  spanish_new_brunswick_area_scripted_country_name_ADJ: "Rio de los Gamos"
  spanish_eastern_ontario_area_scripted_country_name: "Ontario del Este" 
  spanish_eastern_ontario_area_scripted_country_name_ADJ: "Ontario del Este"
  spanish_western_ontario_area_scripted_country_name: "Ontario Oriental" 
  spanish_western_ontario_area_scripted_country_name_ADJ: "Ontario Oriental"
  spanish_northern_ontario_area_scripted_country_name: "Ontario del Norte" 
  spanish_northern_ontario_area_scripted_country_name_ADJ: "Ontario del Norte"
  spanish_northwestern_ontario_area_scripted_country_name: "Algomas" 
  spanish_northwestern_ontario_area_scripted_country_name_ADJ: "Algomas"
  spanish_greenstone_belt_area_scripted_country_name: "Sierra del Abitibi" 
  spanish_greenstone_belt_area_scripted_country_name_ADJ: "Sierra del Abitibi"
  spanish_keewatin_area_scripted_country_name: "Quivatin" 
  spanish_keewatin_area_scripted_country_name_ADJ: "Quivatin"
  spanish_cuba_area_scripted_country_name: "Cuba" 
  spanish_cuba_area_scripted_country_name_ADJ: "Cubano"
  spanish_hispaniola_area_scripted_country_name: "Santo Domingo" #According to Historian Juan Daniel Balcácer, the demonym is in use since 1621
  spanish_hispaniola_area_scripted_country_name_ADJ: "Dominicano"
  spanish_lesser_antilles_area_scripted_country_name: "Antillas Menores" 
  spanish_lesser_antilles_area_scripted_country_name_ADJ: "Antillas Menores"
  spanish_panama_area_scripted_country_name: "Castilla de Oro" 
  spanish_panama_area_scripted_country_name_ADJ: "Castilla de Oro"
  spanish_massachusetts_area_scripted_country_name: "San Cristóbal" #historical name
  spanish_massachusetts_area_scripted_country_name_ADJ: "San Cristóbal"
  spanish_southern_new_england_area_scripted_country_name: "Buena Madre" #historical name
  spanish_southern_new_england_area_scripted_country_name_ADJ: "Buena Madre"
  spanish_vermont_area_scripted_country_name: "Monteverde" #translation
  spanish_vermont_area_scripted_country_name_ADJ: "Monteverde"
  spanish_new_hampshire_area_scripted_country_name: "Nueva Murcia" #one of the few places that didn't get a new irl
  spanish_new_hampshire_area_scripted_country_name_ADJ: "Nueva Murcia"
  spanish_maine_area_scripted_country_name: "San Juan Bautista" #historical name
  spanish_maine_area_scripted_country_name_ADJ: "San Juan Bautista"
  spanish_hudson_area_scripted_country_name: "San Antonio" #historical name
  spanish_hudson_area_scripted_country_name_ADJ: "San Antonio"
  spanish_haudenosaunee_area_scripted_country_name: "Jodenosalníes" #transliteration
  spanish_haudenosaunee_area_scripted_country_name_ADJ: "Jodenosalníes"
  spanish_new_jersey_area_scripted_country_name: "Nueva Majorca" #new <island>
  spanish_new_jersey_area_scripted_country_name_ADJ: "Nueva Majorca"
  spanish_pennsylvania_area_scripted_country_name: "Quejana" #after explorer Pedro de Quejo
  spanish_pennsylvania_area_scripted_country_name_ADJ: "Quejana"
  spanish_westsylvania_area_scripted_country_name: "Alejena" #transliteration
  spanish_westsylvania_area_scripted_country_name_ADJ: "Alejena"
  spanish_maryland_area_scripted_country_name: "Rio Salado" #historical name
  spanish_maryland_area_scripted_country_name_ADJ: "Rio Salado"
  spanish_virginia_area_scripted_country_name: "Ajacán" #historical name
  spanish_virginia_area_scripted_country_name_ADJ: "Ajacán"
  spanish_west_virginia_area_scripted_country_name: "Monongajela" #transliteration
  spanish_west_virginia_area_scripted_country_name_ADJ: "Monongajela"
  spanish_north_carolina_area_scripted_country_name: "Ayllónia" #Tierra de Ayllon
  spanish_north_carolina_area_scripted_country_name_ADJ: "Ayllónia"
  spanish_south_carolina_area_scripted_country_name: "San Miguel de Gualdape" #historical name
  spanish_south_carolina_area_scripted_country_name_ADJ: "San Miguel de Gualdape"
  spanish_georgia_us_area_scripted_country_name: "San Pedro" #historical name
  spanish_georgia_us_area_scripted_country_name_ADJ: "San Pedro"
  spanish_florida_area_scripted_country_name: "Florida" #historical name, will save La Florida for the US equiavlent
  spanish_florida_area_scripted_country_name_ADJ: "Florida"
  spanish_tennessee_area_scripted_country_name: "Tenesí" 
  spanish_tennessee_area_scripted_country_name_ADJ: "Tenesí"
  spanish_kentucky_area_scripted_country_name: "Quentuc" 
  spanish_kentucky_area_scripted_country_name_ADJ: "Quentuc"
  spanish_ohio_area_scripted_country_name: "Ohío" #historical name of river
  spanish_ohio_area_scripted_country_name_ADJ: "Ohío"
  spanish_indiana_area_scripted_country_name: "Ouabache" #historical name of river
  spanish_indiana_area_scripted_country_name_ADJ: "Ouabache"
  spanish_michigan_area_scripted_country_name: "San José" #historical settlement name
  spanish_michigan_area_scripted_country_name_ADJ: "San José"
  spanish_illinois_area_scripted_country_name: "Ilinués" #historical name of river
  spanish_illinois_area_scripted_country_name_ADJ: "Ilinués"
  spanish_wisconsin_area_scripted_country_name: "Misconsín" 
  spanish_wisconsin_area_scripted_country_name_ADJ: "Misconsín"
  spanish_alabama_area_scripted_country_name: "Garaya" #Tierra de Garay; could also be Santa Cruz de Nanipacana
  spanish_alabama_area_scripted_country_name_ADJ: "Garaya"
  spanish_mississippi_area_scripted_country_name: "Misisipi" 
  spanish_mississippi_area_scripted_country_name_ADJ: "Misisipi"
  spanish_louisiana_area_scripted_country_name: "Baja Luisiana" 
  spanish_louisiana_area_scripted_country_name_ADJ: "Baja Luisiana"
  spanish_arkansas_area_scripted_country_name: "Napeste" #Historical spanish name
  spanish_arkansas_area_scripted_country_name_ADJ: "Napeste"
  spanish_missouri_area_scripted_country_name: "San Luis" 
  spanish_missouri_area_scripted_country_name_ADJ: "San Luis"
  spanish_iowa_area_scripted_country_name: "Minas de España" 
  spanish_iowa_area_scripted_country_name_ADJ: "Minas de España"
  spanish_minnesota_area_scripted_country_name: "Altos del Misisipi" #historical name?
  spanish_minnesota_area_scripted_country_name_ADJ: "Altos del Misisipi"
  spanish_superior_area_scripted_country_name: "Lago Superior" 
  spanish_superior_area_scripted_country_name_ADJ: "Lago Superior"
  spanish_central_plains_area_scripted_country_name: "Quivira" 
  spanish_central_plains_area_scripted_country_name_ADJ: "Quivira"
  spanish_natahende_area_scripted_country_name: "Nuevo México" 
  spanish_natahende_area_scripted_country_name_ADJ: "Nuevo México"
  spanish_high_plains_area_scripted_country_name: "San Juan" 
  spanish_high_plains_area_scripted_country_name_ADJ: "San Juan"
  spanish_badlands_area_scripted_country_name: "Malpaís" 
  spanish_badlands_area_scripted_country_name_ADJ: "Malpaís"
  spanish_upper_missouri_area_scripted_country_name: "Montaña del Norte" #Historical
  spanish_upper_missouri_area_scripted_country_name_ADJ: "Montaña del Norte"
  spanish_athabasca_area_scripted_country_name: "Atabasca" 
  spanish_athabasca_area_scripted_country_name_ADJ: "Atabasca"
  spanish_saskatchewan_area_scripted_country_name: "Sascacheva" 
  spanish_saskatchewan_area_scripted_country_name_ADJ: "Sascacheva"
  spanish_keewatin_n_area_scripted_country_name: "Quebadin" 
  spanish_keewatin_n_area_scripted_country_name_ADJ: "Quebadin"
  spanish_red_river_area_scripted_country_name: "Rio Rojo" 
  spanish_red_river_area_scripted_country_name_ADJ: "Rio Rojo"
  spanish_mexihko_area_scripted_country_name: "México" 
  spanish_mexihko_area_scripted_country_name_ADJ: "Mexicano"
  spanish_tlaxcala_area_scripted_country_name: "Tlaxcala" #Tlaxcala survived the conquest and colonial era as a vassal of Spain
  spanish_tlaxcala_area_scripted_country_name_ADJ: "Tlaxcalteca"
  spanish_puebla_area_scripted_country_name: "Puebla" 
  spanish_puebla_area_scripted_country_name_ADJ: "Poblano"
  spanish_guanajuato_area_scripted_country_name: "Guanajuato" 
  spanish_guanajuato_area_scripted_country_name_ADJ: "Guanajuatense"
  spanish_oaxaca_area_scripted_country_name: "Oaxaca" 
  spanish_oaxaca_area_scripted_country_name_ADJ: "Oaxaqueño"
  spanish_veracruz_area_scripted_country_name: "Veracruz" 
  spanish_veracruz_area_scripted_country_name_ADJ: "Veracruzano"
  spanish_huaxyacac_area_scripted_country_name: "Oaxaca" 
  spanish_huaxyacac_area_scripted_country_name_ADJ: "Oaxaqueño"
  spanish_tochtepec_area_scripted_country_name: "Veracruz" 
  spanish_tochtepec_area_scripted_country_name_ADJ: "Veracruzano"
  spanish_michoacan_area_scripted_country_name: "Nueva Valladolid" 
  spanish_michoacan_area_scripted_country_name_ADJ: "Nueva Valladolid"
  spanish_xilotepec_area_scripted_country_name: "Guanajuato" #?
  spanish_xilotepec_area_scripted_country_name_ADJ: "Guanajuatense"
  spanish_xalisco_area_scripted_country_name: "Nueva Galicia" #could go with Guadalajara or Jalisco and save Nueva Galicia for the formable?
  spanish_xalisco_area_scripted_country_name_ADJ: "Nueva Galicia"
  spanish_minas_gerais_area_scripted_country_name: "Minas Gerales" 
  spanish_minas_gerais_area_scripted_country_name_ADJ: "Minas Gerales"
  spanish_mayaab_area_scripted_country_name: "Yucatán" 
  spanish_mayaab_area_scripted_country_name_ADJ: "Yucateco"
  spanish_chilapan_area_scripted_country_name: "Chiapas??" 
  spanish_chilapan_area_scripted_country_name_ADJ: "Chiapas??"
  spanish_puuk_area_scripted_country_name: "Campeche" 
  spanish_puuk_area_scripted_country_name_ADJ: "Campechano"
  spanish_chactemal_area_scripted_country_name: "Chetumal" 
  spanish_chactemal_area_scripted_country_name_ADJ: "Chetumal"
  spanish_peten_area_scripted_country_name: "Río Belice" 
  spanish_peten_area_scripted_country_name_ADJ: "Río Belice"
  spanish_tezulutlan_area_scripted_country_name: "Guatemala" 
  spanish_tezulutlan_area_scripted_country_name_ADJ: "Guatemala"
  spanish_kuskatan_area_scripted_country_name: "Comayagua" 
  spanish_kuskatan_area_scripted_country_name_ADJ: "Comayagua"
  spanish_imabite_area_scripted_country_name: "Nicaragua" 
  spanish_imabite_area_scripted_country_name_ADJ: "Nicaragua"
  spanish_nekokiaw_area_scripted_country_name: "Costa Rica" 
  spanish_nekokiaw_area_scripted_country_name_ADJ: "Costa Riqueño"
  spanish_zacatecas_area_scripted_country_name: "Zacatecas" #could be San Luis Potosi as well
  spanish_zacatecas_area_scripted_country_name_ADJ: "Zacatecano"
  spanish_baja_area_scripted_country_name: "Baja California" 
  spanish_baja_area_scripted_country_name_ADJ: "Baja California"
  spanish_tahejoc_area_scripted_country_name: "Nueva Vizcaya" 
  spanish_tahejoc_area_scripted_country_name_ADJ: "Nueva Vizcaya"
  spanish_culiacan_area_scripted_country_name: "Sinaloa" 
  spanish_culiacan_area_scripted_country_name_ADJ: "Sinaloense"
  spanish_tamaulipeco_area_scripted_country_name: "Nuevo Santander" 
  spanish_tamaulipeco_area_scripted_country_name_ADJ: "Nuevo Santander"
  spanish_guachichil_area_scripted_country_name: "Nueva Extremadura" #or Nuevo Leon
  spanish_guachichil_area_scripted_country_name_ADJ: "Nueva Extremadura"
  spanish_texas_area_scripted_country_name: "Tejas" #or Tejas
  spanish_texas_area_scripted_country_name_ADJ: "Tejas"
  spanish_shiewhibak_area_scripted_country_name: "Pimería Alta" 
  spanish_shiewhibak_area_scripted_country_name_ADJ: "Pimería Alta"
  spanish_alaxsxaq_area_scripted_country_name: "Valdès" 
  spanish_alaxsxaq_area_scripted_country_name_ADJ: "Valdès"
  spanish_yukon_area_scripted_country_name: "Yucón" 
  spanish_yukon_area_scripted_country_name_ADJ: "Yucón"
  spanish_columbia_interior_area_scripted_country_name: "Nutca Interior" 
  spanish_columbia_interior_area_scripted_country_name_ADJ: "Nutca Interior"
  spanish_california_area_scripted_country_name: "Alta California" 
  spanish_california_area_scripted_country_name_ADJ: "Alta California"
  spanish_great_basin_area_scripted_country_name: "Timpanogos" 
  spanish_great_basin_area_scripted_country_name_ADJ: "Timpanogos"
  spanish_rockies_area_scripted_country_name: "Sangre de Cristo" 
  spanish_rockies_area_scripted_country_name_ADJ: "Sangre de Cristo"
  spanish_hawaii_area_scripted_country_name: "Hawai" 
  spanish_hawaii_area_scripted_country_name_ADJ: "Hawai"
  spanish_amazon_area_scripted_country_name: "Amazonas" 
  spanish_amazon_area_scripted_country_name_ADJ: "Amazonas"
  spanish_tocantins_area_scripted_country_name: "Tocantines" 
  spanish_tocantins_area_scripted_country_name_ADJ: "Tocantines"
  spanish_parana_area_scripted_country_name: "Guayrá" #historical, Gobernación del Guayrá encompassed most of Paraná and was originally a Spanish colony
  spanish_parana_area_scripted_country_name_ADJ: "Guayrá"
  spanish_paraguay_area_scripted_country_name: "Paraguay" 
  spanish_paraguay_area_scripted_country_name_ADJ: "Paraguay"
  spanish_guapore_area_scripted_country_name: "Guaporé" 
  spanish_guapore_area_scripted_country_name_ADJ: "Guaporé"
  spanish_uruguay_area_scripted_country_name: "Uruguay" 
  spanish_uruguay_area_scripted_country_name_ADJ: "Uruguay"
  spanish_para_area_scripted_country_name: "Bajo Amazonas" 
  spanish_para_area_scripted_country_name_ADJ: "Bajo Amazonas"
  spanish_mato_grosso_area_scripted_country_name: "Itatín" 
  spanish_mato_grosso_area_scripted_country_name_ADJ: "Itatín"
  spanish_goias_area_scripted_country_name: "Goiaz" 
  spanish_goias_area_scripted_country_name_ADJ: "Goiaz"
  spanish_maranhao_area_scripted_country_name: "Marañón" 
  spanish_maranhao_area_scripted_country_name_ADJ: "Marañón"
  spanish_piaui_area_scripted_country_name: "Piauy" 
  spanish_piaui_area_scripted_country_name_ADJ: "Piauy"
  spanish_ceara_area_scripted_country_name: "Ceará" 
  spanish_ceara_area_scripted_country_name_ADJ: "Ceará"
  spanish_paraiba_area_scripted_country_name: "Paraibas" 
  spanish_paraiba_area_scripted_country_name_ADJ: "Paraibas"
  spanish_pernambuco_area_scripted_country_name: "Pernambuco" 
  spanish_pernambuco_area_scripted_country_name_ADJ: "Pernambuco"
  spanish_bahia_area_scripted_country_name: "Bahia" 
  spanish_bahia_area_scripted_country_name_ADJ: "Bahia"
  spanish_espirito_santo_area_scripted_country_name: "Espíritu Santo" 
  spanish_espirito_santo_area_scripted_country_name_ADJ: "Espíritu Santo"
  spanish_rio_de_janeiro_area_scripted_country_name: "Rio de Janeiro" #alternatively, something like Guanabara, after the bay?
  spanish_rio_de_janeiro_area_scripted_country_name_ADJ: "Rio de Janeiro"
  spanish_minas_gerais_area_scripted_country_name: "Minas Gerales" 
  spanish_minas_gerais_area_scripted_country_name_ADJ: "Minas Gerales"
  spanish_sao_paulo_area_scripted_country_name: "San Pablo" 
  spanish_sao_paulo_area_scripted_country_name_ADJ: "San Pablo"
  spanish_santa_catarina_area_scripted_country_name: "Santa Catalina" 
  spanish_santa_catarina_area_scripted_country_name_ADJ: "Santa Catalina"
  spanish_rio_grande_do_sul_area_scripted_country_name: "Rio Grande de San Pedro" 
  spanish_rio_grande_do_sul_area_scripted_country_name_ADJ: "Rio Grande de San Pedro"
  spanish_quitu_area_scripted_country_name: "Quito" 
  spanish_quitu_area_scripted_country_name_ADJ: "Quito"
  spanish_chala_area_scripted_country_name: "Lima" 
  spanish_chala_area_scripted_country_name_ADJ: "Limense"
  spanish_la_plata_area_scripted_country_name: "Buenos Aires" #keep La Plata for the formable?
  spanish_la_plata_area_scripted_country_name_ADJ: "Buenos Aires"
  spanish_ngulumapu_area_scripted_country_name: "Santiago" #keep Chile for the formable?
  spanish_ngulumapu_area_scripted_country_name_ADJ: "Santiago"
  spanish_mamore_area_scripted_country_name: "Mamoré" 
  spanish_mamore_area_scripted_country_name_ADJ: "Mamoré"
  spanish_ayoreo_area_scripted_country_name: "Chaco" 
  spanish_ayoreo_area_scripted_country_name_ADJ: "Chaco"
  spanish_puelmapu_area_scripted_country_name: "Rio Negro" 
  spanish_puelmapu_area_scripted_country_name_ADJ: "Rio Negro"
  spanish_patagonia_area_scripted_country_name: "Patagonia" 
  spanish_patagonia_area_scripted_country_name_ADJ: "Patagonia"
  spanish_falklands_area_scripted_country_name: "Islas Malvinas" 
  spanish_falklands_area_scripted_country_name_ADJ: "Islas Malvinas"
  spanish_south_georgia_area_scripted_country_name: "Isla San Pedro" 
  spanish_south_georgia_area_scripted_country_name_ADJ: "Isla San Pedro"
  spanish_charcas_area_scripted_country_name: "Charcas" 
  spanish_charcas_area_scripted_country_name_ADJ: "Charcas"
  spanish_salta_de_tucuman_area_scripted_country_name: "Salta del Tucumán" 
  spanish_salta_de_tucuman_area_scripted_country_name_ADJ: "Salta del Tucumán"
  spanish_cordoba_de_tucuman_area_scripted_country_name: "Córdoba del Tucumán" 
  spanish_cordoba_de_tucuman_area_scripted_country_name_ADJ: "Córdoba del Tucumán"
  spanish_boiaca_area_scripted_country_name: "Santafé" #Save Nueva Granada for the regional
  spanish_boiaca_area_scripted_country_name_ADJ: "Santafé"
  spanish_sinu_area_scripted_country_name: "Nueva Andalucia" #or just Cartagena
  spanish_sinu_area_scripted_country_name_ADJ: "Nueva Andalucia"
  spanish_suchiimma_area_scripted_country_name: "Maracaibo" 
  spanish_suchiimma_area_scripted_country_name_ADJ: "Maracucho"
  spanish_caracas_area_scripted_country_name: "Caracas" #Save Venezuela for the regional
  spanish_caracas_area_scripted_country_name_ADJ: "Caraqueño"
  spanish_orinucu_area_scripted_country_name: "Cumaná" 
  spanish_orinucu_area_scripted_country_name_ADJ: "Cumanés"
  spanish_chunsa_area_scripted_country_name: "Antioquia " 
  spanish_chunsa_area_scripted_country_name_ADJ: "Antioquia "
  spanish_caly_area_scripted_country_name: "Popayán" #could be choco as well
  spanish_caly_area_scripted_country_name_ADJ: "Popayán"
  spanish_guayana_area_scripted_country_name: "Guayana" 
  spanish_guayana_area_scripted_country_name_ADJ: "Guayana"
  spanish_northwest_coast_area_scripted_country_name: "Nutca" 
  spanish_northwest_coast_area_scripted_country_name_ADJ: "Nutca"