l_english: #This file is autogenerated! Don't modify it directly!!!
  portuguese_greenland_area_scripted_country_name: "Terra Verde" #historical
  portuguese_greenland_area_scripted_country_name_ADJ: "Terraverdano"
  portuguese_quebec_area_scripted_country_name: "Quebéque" #transliteration
  portuguese_quebec_area_scripted_country_name_ADJ: "Quebequeano"
  portuguese_laurentian_area_scripted_country_name: "Serra do São Lourenço" #after St. Laurence
  portuguese_laurentian_area_scripted_country_name_ADJ: "Lourencino"
  portuguese_lower_canada_area_scripted_country_name: "Baixo Canadá" #transliteration
  portuguese_lower_canada_area_scripted_country_name_ADJ: "Baixo Canadense"
  portuguese_jamesie_area_scripted_country_name: "Baía do São Tiago" #after Saint James
  portuguese_jamesie_area_scripted_country_name_ADJ: "Tiaguino"
  portuguese_nunavik_area_scripted_country_name: "Nunavica" #transliteration
  portuguese_nunavik_area_scripted_country_name_ADJ: "Nunavicano"
  portuguese_labrador_area_scripted_country_name: "Labrador" #historical
  portuguese_labrador_area_scripted_country_name_ADJ: "Labradorense"
  portuguese_newfoundland_area_scripted_country_name: "Terra Nova" #historical
  portuguese_newfoundland_area_scripted_country_name_ADJ: "Terra Novan"
  portuguese_prince_edward_island_area_scripted_country_name: "Ilha do Príncipe" #prince's island
  portuguese_prince_edward_island_area_scripted_country_name_ADJ: "Príncipano"
  portuguese_acadia_area_scripted_country_name: "Acadia" #historical
  portuguese_acadia_area_scripted_country_name_ADJ: "Acadiano"
  portuguese_new_brunswick_area_scripted_country_name: "São João" #after the capital; could also be Nova Borgonha after portuguese founder dynasty
  portuguese_new_brunswick_area_scripted_country_name_ADJ: "Joanino"
  portuguese_eastern_ontario_area_scripted_country_name: "Ontario Ocidental" #translation
  portuguese_eastern_ontario_area_scripted_country_name_ADJ: "Ontarino Ocidental"
  portuguese_western_ontario_area_scripted_country_name: "Ontario Oriental" #translation
  portuguese_western_ontario_area_scripted_country_name_ADJ: "Ontarino Oriental"
  portuguese_northern_ontario_area_scripted_country_name: "Ontario do Norte" #translation
  portuguese_northern_ontario_area_scripted_country_name_ADJ: "Norte Ontarino"
  portuguese_northwestern_ontario_area_scripted_country_name: "Algoma" #after Algoma
  portuguese_northwestern_ontario_area_scripted_country_name_ADJ: "Algomano"
  portuguese_greenstone_belt_area_scripted_country_name: "Serra do Abitibe" #after Abitibi
  portuguese_greenstone_belt_area_scripted_country_name_ADJ: "Abitibano"
  portuguese_keewatin_area_scripted_country_name: "Quivedim" #transliteration
  portuguese_keewatin_area_scripted_country_name_ADJ: "Quivedimense"
  portuguese_cuba_area_scripted_country_name: "Cuba" #historical
  portuguese_cuba_area_scripted_country_name_ADJ: "Cubano"
  portuguese_hispaniola_area_scripted_country_name: "Săo Domingos" #historical
  portuguese_hispaniola_area_scripted_country_name_ADJ: "Săo Domingano"
  portuguese_lesser_antilles_area_scripted_country_name: "Pequenas Antilhas" #historical
  portuguese_lesser_antilles_area_scripted_country_name_ADJ: "Antilheano"
  portuguese_panama_area_scripted_country_name: "Panamá" #historical
  portuguese_panama_area_scripted_country_name_ADJ: "Panamense"
  portuguese_massachusetts_area_scripted_country_name: "Mussachute" #transliteration
  portuguese_massachusetts_area_scripted_country_name_ADJ: "Mussachutense"
  portuguese_southern_new_england_area_scripted_country_name: "Conetacute" #transliteration of quonehtacut
  portuguese_southern_new_england_area_scripted_country_name_ADJ: "Conetacutense"
  portuguese_vermont_area_scripted_country_name: "Monte Verde" #translation
  portuguese_vermont_area_scripted_country_name_ADJ: "Monte Verdense"
  portuguese_new_hampshire_area_scripted_country_name: "Nova Tejo" #after a province
  portuguese_new_hampshire_area_scripted_country_name_ADJ: "Novo Tejano"
  portuguese_maine_area_scripted_country_name: "Beira" #after a portuguese province
  portuguese_maine_area_scripted_country_name_ADJ: "Beirano"
  portuguese_hudson_area_scripted_country_name: "Barcelos" #After Pêro de Barcelos
  portuguese_hudson_area_scripted_country_name_ADJ: "Barcelosense"
  portuguese_haudenosaunee_area_scripted_country_name: "Rodichonia" #transliteration.
  portuguese_haudenosaunee_area_scripted_country_name_ADJ: "Rodichoniano"
  portuguese_new_jersey_area_scripted_country_name: "Quitano" #transliteration, after Delaware's lenape name "Kithanne"
  portuguese_new_jersey_area_scripted_country_name_ADJ: "Quitanoano"
  portuguese_pennsylvania_area_scripted_country_name: "Susquerana" #transliteration, after Susquehanna river
  portuguese_pennsylvania_area_scripted_country_name_ADJ: "Susqueranano"
  portuguese_westsylvania_area_scripted_country_name: "Eliqueni" #transliteration of Allegheny / Alikehane
  portuguese_westsylvania_area_scripted_country_name_ADJ: "Eliqueniano"
  portuguese_maryland_area_scripted_country_name: "Santa Maria" #maryland -> Saint Mary
  portuguese_maryland_area_scripted_country_name_ADJ: "Mariano"
  portuguese_virginia_area_scripted_country_name: "Virgem Maria" #virginia -> Virgin Mary
  portuguese_virginia_area_scripted_country_name_ADJ: "Virginiano"
  portuguese_west_virginia_area_scripted_country_name: "Monogarrela" #transliteration from monongahela
  portuguese_west_virginia_area_scripted_country_name_ADJ: "Monogarrelense"
  portuguese_north_carolina_area_scripted_country_name: "São Carlos do Norte" #Carolina -> Saint Charles
  portuguese_north_carolina_area_scripted_country_name_ADJ: "Norte-Carolinense"
  portuguese_south_carolina_area_scripted_country_name: "São Carlos do Sul" #Carolina -> Saint Charles
  portuguese_south_carolina_area_scripted_country_name_ADJ: "Sul-Carolinense"
  portuguese_georgia_us_area_scripted_country_name: "São Jorge" #George -> St. George
  portuguese_georgia_us_area_scripted_country_name_ADJ: "Jorgiano"
  portuguese_florida_area_scripted_country_name: "Florida" #historical
  portuguese_florida_area_scripted_country_name_ADJ: "Floridense"
  portuguese_tennessee_area_scripted_country_name: "Tenessi" #transliteration
  portuguese_tennessee_area_scripted_country_name_ADJ: "Tenessiense"
  portuguese_kentucky_area_scripted_country_name: "Quentuque" #transliteration
  portuguese_kentucky_area_scripted_country_name_ADJ: "Quentuquense"
  portuguese_ohio_area_scripted_country_name: "Orrinho" #transliteration of the native name
  portuguese_ohio_area_scripted_country_name_ADJ: "Orrinhense"
  portuguese_indiana_area_scripted_country_name: "Indiana" #historical
  portuguese_indiana_area_scripted_country_name_ADJ: "Indiano"
  portuguese_michigan_area_scripted_country_name: "Michigame" #transliteration of the native word
  portuguese_michigan_area_scripted_country_name_ADJ: "Michigamense"
  portuguese_illinois_area_scripted_country_name: "Iliniéque" #transliteration of the native word
  portuguese_illinois_area_scripted_country_name_ADJ: "Iliniéquense"
  portuguese_wisconsin_area_scripted_country_name: "Mescosinho" #transliteration of the native word Meskousing
  portuguese_wisconsin_area_scripted_country_name_ADJ: "Mescosinhano"
  portuguese_alabama_area_scripted_country_name: "Alibamo" #transliteration of the native word
  portuguese_alabama_area_scripted_country_name_ADJ: "Alibamano"
  portuguese_mississippi_area_scripted_country_name: "Missezibe" #transliteration of the native word
  portuguese_mississippi_area_scripted_country_name_ADJ: "Missezibano"
  portuguese_louisiana_area_scripted_country_name: "São Luiz" #louisiana -> st. louis
  portuguese_louisiana_area_scripted_country_name_ADJ: "Luizino"
  portuguese_arkansas_area_scripted_country_name: "Acansal" #transliteration of the native word
  portuguese_arkansas_area_scripted_country_name_ADJ: "Acansalense"
  portuguese_missouri_area_scripted_country_name: "Missuri" #transliteration of the native word
  portuguese_missouri_area_scripted_country_name_ADJ: "Missuriano"
  portuguese_iowa_area_scripted_country_name: "Aiola" #transliteration of the native word
  portuguese_iowa_area_scripted_country_name_ADJ: "Aiolano"
  portuguese_minnesota_area_scripted_country_name: "Minessota" #transliteration of the native word
  portuguese_minnesota_area_scripted_country_name_ADJ: "Minessotano"
  portuguese_superior_area_scripted_country_name: "Lago Frio" #after Lake Superior
  portuguese_superior_area_scripted_country_name_ADJ: "Lago Friense"
  portuguese_north_dakota_area_scripted_country_name: "Dacota do Norte" #transliteration
  portuguese_north_dakota_area_scripted_country_name_ADJ: "Norte-dacotano"
  portuguese_south_dakota_area_scripted_country_name: "Dacota do Sul" #transliteration
  portuguese_south_dakota_area_scripted_country_name_ADJ: "Sul-dacotano"
  portuguese_central_plains_area_scripted_country_name: "Campos Limpos" #means open/clean fields, akin to Mato Grosso
  portuguese_central_plains_area_scripted_country_name_ADJ: "Campos Limpense"
  portuguese_natahende_area_scripted_country_name: "São Felipe" #after the original name of New Mexico
  portuguese_natahende_area_scripted_country_name_ADJ: "Felipino"
  portuguese_high_plains_area_scripted_country_name: "Terras Altas" #translation
  portuguese_high_plains_area_scripted_country_name_ADJ: "Terra Altino"
  portuguese_badlands_area_scripted_country_name: "Moguama" #transliteration of maughwauwa-ma
  portuguese_badlands_area_scripted_country_name_ADJ: "Moguamano"
  portuguese_upper_missouri_area_scripted_country_name: "Serra Norte" #More portuguese-sounding version of Montana
  portuguese_upper_missouri_area_scripted_country_name_ADJ: "Serra Nortino"
  portuguese_athabasca_area_scripted_country_name: "Atabasca" #transliteration
  portuguese_athabasca_area_scripted_country_name_ADJ: "Atabascano"
  portuguese_saskatchewan_area_scripted_country_name: "Sascachevão" #transliteration
  portuguese_saskatchewan_area_scripted_country_name_ADJ: "Sascachevão"
  portuguese_keewatin_n_area_scripted_country_name: "Quivedim do Norte" #transliteration
  portuguese_keewatin_n_area_scripted_country_name_ADJ: "Norte Quivedimense"
  portuguese_red_river_area_scripted_country_name: "Rio Rubro" #translation
  portuguese_red_river_area_scripted_country_name_ADJ: "Rio Rubrino"
  portuguese_mexihko_area_scripted_country_name: "Méssico" #transliteration of the original pronunciation
  portuguese_mexihko_area_scripted_country_name_ADJ: "Messicano"
  portuguese_tlaxcala_area_scripted_country_name: "Póvoa " #Change name to Tlaxcala
  portuguese_tlaxcala_area_scripted_country_name_ADJ: "Póvoano"
  portuguese_puebla_area_scripted_country_name: "Póvoa " #official translation (unused?)
  portuguese_puebla_area_scripted_country_name_ADJ: "Póvoano"
  portuguese_guanajuato_area_scripted_country_name: "Guanachuato" #transliteration  (unused?)
  portuguese_guanajuato_area_scripted_country_name_ADJ: "Guanachuatano"
  portuguese_oaxaca_area_scripted_country_name: "Oassaca" #transliteration  (unused?)
  portuguese_oaxaca_area_scripted_country_name_ADJ: "Oassacano"
  portuguese_veracruz_area_scripted_country_name: "Veracruz" #no changes  (unused?)
  portuguese_veracruz_area_scripted_country_name_ADJ: "Veracruzense"
  portuguese_huaxyacac_area_scripted_country_name: "Oassaca" #transliteration
  portuguese_huaxyacac_area_scripted_country_name_ADJ: "Oassacano"
  portuguese_tochtepec_area_scripted_country_name: "Veracruz" #modern name
  portuguese_tochtepec_area_scripted_country_name_ADJ: "Veracruzense"
  portuguese_michoacan_area_scripted_country_name: "Micoacã" #transliteration
  portuguese_michoacan_area_scripted_country_name_ADJ: "Micoacano"
  portuguese_xilotepec_area_scripted_country_name: "Guanachuato" 
  portuguese_xilotepec_area_scripted_country_name_ADJ: "Guanachuatano"
  portuguese_xalisco_area_scripted_country_name: "Salisco" #modern name, trnaslated; could also be Guadalarrara
  portuguese_xalisco_area_scripted_country_name_ADJ: "Saliscano"
  portuguese_minas_gerais_area_scripted_country_name: "Minas Gerais" #wtf is MG doing here!?
  portuguese_minas_gerais_area_scripted_country_name_ADJ: "Mineiro"
  portuguese_mayaab_area_scripted_country_name: "Iucatão " #translation of modern name
  portuguese_mayaab_area_scripted_country_name_ADJ: "Iucatão "
  portuguese_chilapan_area_scripted_country_name: "Chilapão" #transliteration
  portuguese_chilapan_area_scripted_country_name_ADJ: "Chilapão"
  portuguese_puuk_area_scripted_country_name: "São Lázaro" #after the original spanish name, modern Campeche
  portuguese_puuk_area_scripted_country_name_ADJ: "Lazarino"
  portuguese_chactemal_area_scripted_country_name: "Chatemal" #transliteration
  portuguese_chactemal_area_scripted_country_name_ADJ: "Chatemalano"
  portuguese_peten_area_scripted_country_name: "Beliza" #transliteration of Belize
  portuguese_peten_area_scripted_country_name_ADJ: "Belizano"
  portuguese_tezulutlan_area_scripted_country_name: "Gualtemala" #transliteration of Cuauhtēmallān
  portuguese_tezulutlan_area_scripted_country_name_ADJ: "Gualtemalano"
  portuguese_kuskatan_area_scripted_country_name: "Guaimura" #transliteration of Guaymura
  portuguese_kuskatan_area_scripted_country_name_ADJ: "Guaimurano"
  portuguese_imabite_area_scripted_country_name: "Nicaragua" #real name
  portuguese_imabite_area_scripted_country_name_ADJ: "Nicaraguaio"
  portuguese_nekokiaw_area_scripted_country_name: "Costa Rica" #real name
  portuguese_nekokiaw_area_scripted_country_name_ADJ: "Costa Riquenho"
  portuguese_zacatecas_area_scripted_country_name: "Zacatecas" #real name; could be San Luis Potosi as well
  portuguese_zacatecas_area_scripted_country_name_ADJ: "Zacatecano"
  portuguese_baja_area_scripted_country_name: "Baixa California" #real name
  portuguese_baja_area_scripted_country_name_ADJ: "Baixo Californio"
  portuguese_tahejoc_area_scripted_country_name: "Vale de Nossa Senhora" #After Valles de Nuestra Senora, possible origin of the name
  portuguese_tahejoc_area_scripted_country_name_ADJ: "Valeiano"
  portuguese_culiacan_area_scripted_country_name: "Sinaloa" #after the real state
  portuguese_culiacan_area_scripted_country_name_ADJ: "Sinaloano"
  portuguese_tamaulipeco_area_scripted_country_name: "Tamaulipa" #after the real state
  portuguese_tamaulipeco_area_scripted_country_name_ADJ: "Tamaulipano"
  portuguese_guachichil_area_scripted_country_name: "Espirito Santo Maior" #after a previous name
  portuguese_guachichil_area_scripted_country_name_ADJ: "Maior Espiritano"
  portuguese_texas_area_scripted_country_name: "Teixa" #transliteraion of táy:shaʼ
  portuguese_texas_area_scripted_country_name_ADJ: "Teixano"
  portuguese_shiewhibak_area_scripted_country_name: "Arissona" #transliteration of the native name
  portuguese_shiewhibak_area_scripted_country_name_ADJ: "Arissonês"
  portuguese_alaxsxaq_area_scripted_country_name: "Alasca" #translation
  portuguese_alaxsxaq_area_scripted_country_name_ADJ: "Alascaino"
  portuguese_yukon_area_scripted_country_name: "Iucão" #transliteration
  portuguese_yukon_area_scripted_country_name_ADJ: "Iucão"
  portuguese_california_area_scripted_country_name: "Califórnia" #real name
  portuguese_california_area_scripted_country_name_ADJ: "Californino"
  portuguese_great_basin_area_scripted_country_name: "Timpanogos" 
  portuguese_great_basin_area_scripted_country_name_ADJ: "Timpanogos"
  portuguese_rockies_area_scripted_country_name: "Serra Nevada" #literal name
  portuguese_rockies_area_scripted_country_name_ADJ: "Nevado"
  portuguese_hawaii_area_scripted_country_name: "Avaí" #transliteration
  portuguese_hawaii_area_scripted_country_name_ADJ: "Avaíano"
  portuguese_cascadia_area_scripted_country_name: "Ouveágua" #historical
  portuguese_cascadia_area_scripted_country_name_ADJ: "Ouveáguense"
  portuguese_amazon_area_scripted_country_name: "Grão-Pará" #historical
  portuguese_amazon_area_scripted_country_name_ADJ: "Grão-Paraense"
  portuguese_tocantins_area_scripted_country_name: "Tocantins" #historical
  portuguese_tocantins_area_scripted_country_name_ADJ: "Tocantinense"
  portuguese_mearim_area_scripted_country_name: "Mearim" #unused now
  portuguese_mearim_area_scripted_country_name_ADJ: "Mearim"
  portuguese_paranaiba_area_scripted_country_name: "Paranaiba" #unused now
  portuguese_paranaiba_area_scripted_country_name_ADJ: "Paranaiba"
  portuguese_jaguaribe_area_scripted_country_name: "Jaguaribe" #unused now
  portuguese_jaguaribe_area_scripted_country_name_ADJ: "Jaguaribe"
  portuguese_parapitinga_area_scripted_country_name: "Parapitinga" #unused now
  portuguese_parapitinga_area_scripted_country_name_ADJ: "Parapitinga"
  portuguese_pindorama_area_scripted_country_name: "Pindorama" #unused now
  portuguese_pindorama_area_scripted_country_name_ADJ: "Pindorama"
  portuguese_parana_area_scripted_country_name: "Paraná" #unused now
  portuguese_parana_area_scripted_country_name_ADJ: "Paranaense"
  portuguese_paraguay_area_scripted_country_name: "Paraguai" #translation
  portuguese_paraguay_area_scripted_country_name_ADJ: "Paraguaio"
  portuguese_guapore_area_scripted_country_name: "Guaporé" #literal, nonhistorical
  portuguese_guapore_area_scripted_country_name_ADJ: "Guaporeio"
  portuguese_uruguay_area_scripted_country_name: "Cisplatina" #historical, unused
  portuguese_uruguay_area_scripted_country_name_ADJ: "Csiplatinan"
  portuguese_para_area_scripted_country_name: "Pará" #historical -Rio Solimões
  portuguese_para_area_scripted_country_name_ADJ: "Paraense"
  portuguese_mato_grosso_area_scripted_country_name: "Mato Grosso" #historical
  portuguese_mato_grosso_area_scripted_country_name_ADJ: "Mato Grossense"
  portuguese_goias_area_scripted_country_name: "Goiaz" #historical
  portuguese_goias_area_scripted_country_name_ADJ: "Goiano"
  portuguese_maranhao_area_scripted_country_name: "Maranhão" #historical
  portuguese_maranhao_area_scripted_country_name_ADJ: "Maranhense"
  portuguese_piaui_area_scripted_country_name: "Piaui" #historical
  portuguese_piaui_area_scripted_country_name_ADJ: "Piauiense"
  portuguese_ceara_area_scripted_country_name: "Ceará" #historical
  portuguese_ceara_area_scripted_country_name_ADJ: "Cearense"
  portuguese_paraiba_area_scripted_country_name: "Paraiba" #historical
  portuguese_paraiba_area_scripted_country_name_ADJ: "Paraibano"
  portuguese_pernambuco_area_scripted_country_name: "Pernambuco" #historical
  portuguese_pernambuco_area_scripted_country_name_ADJ: "Pernambucano"
  portuguese_bahia_area_scripted_country_name: "Bahia" #historical
  portuguese_bahia_area_scripted_country_name_ADJ: "Bahiano"
  portuguese_espirito_santo_area_scripted_country_name: "Espirito Santo" #historical
  portuguese_espirito_santo_area_scripted_country_name_ADJ: "Capixaba"
  portuguese_rio_de_janeiro_area_scripted_country_name: "Rio de Janeiro" #historical
  portuguese_rio_de_janeiro_area_scripted_country_name_ADJ: "Fluminense"
  portuguese_minas_gerais_area_scripted_country_name: "Minas Geraes" #historical
  portuguese_minas_gerais_area_scripted_country_name_ADJ: "Mineiro"
  portuguese_sao_paulo_area_scripted_country_name: "São Paulo" #historical
  portuguese_sao_paulo_area_scripted_country_name_ADJ: "Paulista"
  portuguese_santa_catarina_area_scripted_country_name: "Santa Catarina" #historical
  portuguese_santa_catarina_area_scripted_country_name_ADJ: "Caterinense"
  portuguese_rio_grande_do_sul_area_scripted_country_name: "Rio Grande do Sul" #historical
  portuguese_rio_grande_do_sul_area_scripted_country_name_ADJ: "Rio-grandense"
  portuguese_bogota_area_scripted_country_name: "Bogotá" #unused?
  portuguese_bogota_area_scripted_country_name_ADJ: "Bogota"
  portuguese_andes_area_scripted_country_name: "Andes" #unused?
  portuguese_andes_area_scripted_country_name_ADJ: "Andes"
  portuguese_quitu_area_scripted_country_name: "Quito" #translation
  portuguese_quitu_area_scripted_country_name_ADJ: "Quitense"
  portuguese_chala_area_scripted_country_name: "Lima" #save Peru for formable
  portuguese_chala_area_scripted_country_name_ADJ: "Limense"
  portuguese_atacama_area_scripted_country_name: "Atacama" #translation
  portuguese_atacama_area_scripted_country_name_ADJ: "Atacamense"
  portuguese_cuyo_area_scripted_country_name: "Cuio" #translation
  portuguese_cuyo_area_scripted_country_name_ADJ: "Cuiano"
  portuguese_yunga_area_scripted_country_name: "Iunga" #translation
  portuguese_yunga_area_scripted_country_name_ADJ: "Iungano"
  portuguese_puna_area_scripted_country_name: "Puna" #transliteration, could have a better name
  portuguese_puna_area_scripted_country_name_ADJ: "Punense"
  portuguese_qullaw_area_scripted_country_name: "Alto Peru" #Upper Peru
  portuguese_qullaw_area_scripted_country_name_ADJ: "Alto Peruano"
  portuguese_acamama_area_scripted_country_name: "Acamama" #translation
  portuguese_acamama_area_scripted_country_name_ADJ: "Acamamense"
  portuguese_suni_area_scripted_country_name: "Cajamarca" #modern name
  portuguese_suni_area_scripted_country_name_ADJ: "Cajamarquino"
  portuguese_rupa_rupa_area_scripted_country_name: "São Martinho" #after modern name
  portuguese_rupa_rupa_area_scripted_country_name_ADJ: "Martiniano"
  portuguese_galapagos_area_scripted_country_name: "Galapagos" 
  portuguese_galapagos_area_scripted_country_name_ADJ: "Galapagano"
  portuguese_chaco_area_scripted_country_name: "Chaco" #unused?
  portuguese_chaco_area_scripted_country_name_ADJ: "Chaqueano"
  portuguese_la_plata_area_scripted_country_name: "Rio da Prata" #unused?
  portuguese_la_plata_area_scripted_country_name_ADJ: "Pratense"
  portuguese_ngulumapu_area_scripted_country_name: "São Tiago" #after Santiago
  portuguese_ngulumapu_area_scripted_country_name_ADJ: "Tiagano"
  portuguese_mamore_area_scripted_country_name: "Mamoré" 
  portuguese_mamore_area_scripted_country_name_ADJ: "Mamoreano"
  portuguese_ayoreo_area_scripted_country_name: "Chaco" #redundant with chaco?
  portuguese_ayoreo_area_scripted_country_name_ADJ: "Chaqueano"
  portuguese_pampa_area_scripted_country_name: "Pampa" #unused?
  portuguese_pampa_area_scripted_country_name_ADJ: "Pampeano"
  portuguese_puelmapu_area_scripted_country_name: "Rio Negro" #modern province name
  portuguese_puelmapu_area_scripted_country_name_ADJ: "Rio-negrense"
  portuguese_patagonia_area_scripted_country_name: "Patagonia" #historical
  portuguese_patagonia_area_scripted_country_name_ADJ: "Patagão"
  portuguese_falklands_area_scripted_country_name: "São Malo" #inspiration of the name Malvinas
  portuguese_falklands_area_scripted_country_name_ADJ: "Malouano"
  portuguese_south_georgia_area_scripted_country_name: "Ilha do São Pedro" #historical
  portuguese_south_georgia_area_scripted_country_name_ADJ: "Pedrino"
  portuguese_charcas_area_scripted_country_name: "Charcas" #historical name
  portuguese_charcas_area_scripted_country_name_ADJ: "Charqueano"
  portuguese_salta_de_tucuman_area_scripted_country_name: "Tucumão do Norte" #translation
  portuguese_salta_de_tucuman_area_scripted_country_name_ADJ: "Norte Tucumês"
  portuguese_cordoba_de_tucuman_area_scripted_country_name: "Tucumão do Sul" #translation
  portuguese_cordoba_de_tucuman_area_scripted_country_name_ADJ: "Sul Tucumês"
  portuguese_boiaca_area_scripted_country_name: "Santa Fé" 
  portuguese_boiaca_area_scripted_country_name_ADJ: "Santa Fé"
  portuguese_sinu_area_scripted_country_name: "Setúbal das Índias" 
  portuguese_sinu_area_scripted_country_name_ADJ: "Setúbal das Índias"
  portuguese_suchiimma_area_scripted_country_name: "Maracaibo" 
  portuguese_suchiimma_area_scripted_country_name_ADJ: "Maracaibo"
  portuguese_caracas_area_scripted_country_name: "Caracas" 
  portuguese_caracas_area_scripted_country_name_ADJ: "Caracas"
  portuguese_orinucu_area_scripted_country_name: "Orinoco" 
  portuguese_orinucu_area_scripted_country_name_ADJ: "Orinoco"
  portuguese_chunsa_area_scripted_country_name: "Antióquia" 
  portuguese_chunsa_area_scripted_country_name_ADJ: "Antióquia"
  portuguese_caly_area_scripted_country_name: "Popaião" 
  portuguese_caly_area_scripted_country_name_ADJ: "Popaião"
  portuguese_guayana_area_scripted_country_name: "Guiana" 
  portuguese_guayana_area_scripted_country_name_ADJ: "Guiana"
  portuguese_northwest_coast_area_scripted_country_name: "Nukta" 
  portuguese_northwest_coast_area_scripted_country_name_ADJ: "Nukta"