l_english: #This file is autogenerated! Don't modify it directly!!!
  french_greenland_area_scripted_country_name: "Terre Verte" 
  french_greenland_area_scripted_country_name_ADJ: "Terre Verte"
  french_quebec_area_scripted_country_name: "Québec" #historical
  french_quebec_area_scripted_country_name_ADJ: "Quebecóis"
  french_laurentian_area_scripted_country_name: "Laurentides" #historical
  french_laurentian_area_scripted_country_name_ADJ: "Laurentien"
  french_lower_canada_area_scripted_country_name: "Archipel d'Hochelaga" #historical
  french_lower_canada_area_scripted_country_name_ADJ: "Montréalais "
  french_jamesie_area_scripted_country_name: "Baie-James" #translation
  french_jamesie_area_scripted_country_name_ADJ: "Baie-James"
  french_nunavik_area_scripted_country_name: "Nouveau-Québec" #historical
  french_nunavik_area_scripted_country_name_ADJ: "Noveau-Quebecóis"
  french_labrador_area_scripted_country_name: "Nouvelle-Bretagne" #historical
  french_labrador_area_scripted_country_name_ADJ: "Nouvelle-Bretagne"
  french_newfoundland_area_scripted_country_name: "Terre-Neuve" #historical
  french_newfoundland_area_scripted_country_name_ADJ: "Terre-Neuve"
  french_prince_edward_island_area_scripted_country_name: "Île Saint-Jean" #historical
  french_prince_edward_island_area_scripted_country_name_ADJ: "Île Saint-Jean"
  french_acadia_area_scripted_country_name: "Acadie Péninsulaire" #historical, or Cap-Breton, or Île-Royale 
  french_acadia_area_scripted_country_name_ADJ: "Acadie Péninsulaire"
  french_new_brunswick_area_scripted_country_name: "Acadie Continentale" #historical
  french_new_brunswick_area_scripted_country_name_ADJ: "Acadie Continentale"
  french_eastern_ontario_area_scripted_country_name: "Grand-Rivière des Outaouais " #historical
  french_eastern_ontario_area_scripted_country_name_ADJ: "Grand-Rivière des Outaouais "
  french_western_ontario_area_scripted_country_name: "Huronie" #historical
  french_western_ontario_area_scripted_country_name_ADJ: "Huronie"
  french_northern_ontario_area_scripted_country_name: "Pays des Nipissing" #historical
  french_northern_ontario_area_scripted_country_name_ADJ: "Pays des Nipissing"
  french_northwestern_ontario_area_scripted_country_name: "Baie du Tonnerre" #historical
  french_northwestern_ontario_area_scripted_country_name_ADJ: "Baie du Tonnerre"
  french_greenstone_belt_area_scripted_country_name: "Abitibi" 
  french_greenstone_belt_area_scripted_country_name_ADJ: "Abitibi"
  french_keewatin_area_scripted_country_name: "Baie du Nord" #historical
  french_keewatin_area_scripted_country_name_ADJ: "Baie du Nord"
  french_cuba_area_scripted_country_name: "Cuba" 
  french_cuba_area_scripted_country_name_ADJ: "Cuba"
  french_hispaniola_area_scripted_country_name: "Saint-Domingue" #historical, also Haïti
  french_hispaniola_area_scripted_country_name_ADJ: "Domingois"
  french_lesser_antilles_area_scripted_country_name: "Petites Antilles" 
  french_lesser_antilles_area_scripted_country_name_ADJ: "Petites Antilles"
  french_panama_area_scripted_country_name: "Panama" 
  french_panama_area_scripted_country_name_ADJ: "Panama"
  french_massachusetts_area_scripted_country_name: "Almouchiquie" #see dutch
  french_massachusetts_area_scripted_country_name_ADJ: "Almouchiquois "
  french_southern_new_england_area_scripted_country_name: "Champlainie" 
  french_southern_new_england_area_scripted_country_name_ADJ: "Champlainien"
  french_vermont_area_scripted_country_name: "Vermont" 
  french_vermont_area_scripted_country_name_ADJ: "Vermontois"
  french_new_hampshire_area_scripted_country_name: "Blancmont" 
  french_new_hampshire_area_scripted_country_name_ADJ: "Blancmontois"
  french_maine_area_scripted_country_name: "Norembègue" #historical
  french_maine_area_scripted_country_name_ADJ: "Norembègue"
  french_hudson_area_scripted_country_name: "Nouvelle-Angoulême" #It's the same, and I don't care 
  french_hudson_area_scripted_country_name_ADJ: "Nouvelle-Angoulême"
  french_haudenosaunee_area_scripted_country_name: "Iroquoisie" #historical
  french_haudenosaunee_area_scripted_country_name_ADJ: "Iroquoisie"
  french_new_jersey_area_scripted_country_name: "Nouvelle-Oléron" 
  french_new_jersey_area_scripted_country_name_ADJ: "Nouvelle-Oléron"
  french_pennsylvania_area_scripted_country_name: "Andastiane" #Andastes 
  french_pennsylvania_area_scripted_country_name_ADJ: "Andastiane"
  french_westsylvania_area_scripted_country_name: "Alleghenie" #historical
  french_westsylvania_area_scripted_country_name_ADJ: "Alleghenie"
  french_maryland_area_scripted_country_name: "Terre de Marie" 
  french_maryland_area_scripted_country_name_ADJ: "Terre de Marie"
  french_virginia_area_scripted_country_name: "Notre-Dame de l'Amorce des Terres" 
  french_virginia_area_scripted_country_name_ADJ: "Notre-Dame de l'Amorce des Terres"
  french_west_virginia_area_scripted_country_name: "Chavanonie" #Historical spelling of Chaouanons 
  french_west_virginia_area_scripted_country_name_ADJ: "Chavanonie"
  french_north_carolina_area_scripted_country_name: "Nouvelle-Aumale" #Reference Albemarle
  french_north_carolina_area_scripted_country_name_ADJ: "Nouvelle-Aumale"
  french_south_carolina_area_scripted_country_name: "Haute-Caroline" #OG french settlement named Charlesfort
  french_south_carolina_area_scripted_country_name_ADJ: "Haute-Caroline"
  french_georgia_us_area_scripted_country_name: "Basse-Caroline" 
  french_georgia_us_area_scripted_country_name_ADJ: "Basse-Caroline"
  french_florida_area_scripted_country_name: "La Floride" #Historical
  french_florida_area_scripted_country_name_ADJ: "La Floride"
  french_tennessee_area_scripted_country_name: "Rivière à Margot" #Historical
  french_tennessee_area_scripted_country_name_ADJ: "Rivière à Margot"
  french_kentucky_area_scripted_country_name: "Belle Rivière" #Historical name for Ohio River
  french_kentucky_area_scripted_country_name_ADJ: "Belle Rivière"
  french_ohio_area_scripted_country_name: "Vallée de l'Ohio" #Historical
  french_ohio_area_scripted_country_name_ADJ: "Vallée de l'Ohio"
  french_indiana_area_scripted_country_name: "Potéouatamie" #Or Pays des Miamis
  french_indiana_area_scripted_country_name_ADJ: "Potéouatamie"
  french_michigan_area_scripted_country_name: "Pays-d'en-Haut" #Historical
  french_michigan_area_scripted_country_name_ADJ: "Pays-d'en-Haut"
  french_illinois_area_scripted_country_name: "Pays des Illinois" #Historical
  french_illinois_area_scripted_country_name_ADJ: "Pays des Illinois"
  french_wisconsin_area_scripted_country_name: "Pays des Mascoutens" #Historical
  french_wisconsin_area_scripted_country_name_ADJ: "Pays des Mascoutens"
  french_alabama_area_scripted_country_name: "Alibamonie" #Based on french historical name for Alabama tribe
  french_alabama_area_scripted_country_name_ADJ: "Alibamonien"
  french_mississippi_area_scripted_country_name: "Messipi " #Older spelling
  french_mississippi_area_scripted_country_name_ADJ: "Messipi "
  french_louisiana_area_scripted_country_name: "Basse-Louisiane" #Historical
  french_louisiana_area_scripted_country_name_ADJ: "Basse-Louisiane"
  french_arkansas_area_scripted_country_name: "Les Arcs" #Historical
  french_arkansas_area_scripted_country_name_ADJ: "Les Arcs"
  french_missouri_area_scripted_country_name: "Haute-Louisiane" #Historical
  french_missouri_area_scripted_country_name_ADJ: "Haute-Louisiane"
  french_iowa_area_scripted_country_name: "Le Moingona" #Historical
  french_iowa_area_scripted_country_name_ADJ: "Le Moingona"
  french_minnesota_area_scripted_country_name: "L'étoile du Nord" 
  french_minnesota_area_scripted_country_name_ADJ: "L'étoile du Nord"
  french_superior_area_scripted_country_name: "Pays des Renards" #Historical
  french_superior_area_scripted_country_name_ADJ: "Pays des Renards"
  french_north_dakota_area_scripted_country_name: "Sioux du Nord" 
  french_north_dakota_area_scripted_country_name_ADJ: "Sioux du Nord"
  french_south_dakota_area_scripted_country_name: "Sioux du Sud" 
  french_south_dakota_area_scripted_country_name_ADJ: "Sioux du Sud"
  french_central_plains_area_scripted_country_name: "Grandes Plaines" 
  french_central_plains_area_scripted_country_name_ADJ: "Grandes Plaines"
  french_natahende_area_scripted_country_name: "Nouveau-Méxique" 
  french_natahende_area_scripted_country_name_ADJ: "Nouveau-Méxique"
  french_high_plains_area_scripted_country_name: "Pays des Apaches " 
  french_high_plains_area_scripted_country_name_ADJ: "Pays des Apaches "
  french_badlands_area_scripted_country_name: "Pays des Cheyennes" 
  french_badlands_area_scripted_country_name_ADJ: "Pays des Cheyennes"
  french_upper_missouri_area_scripted_country_name: "Haut-Missouri" #Historical
  french_upper_missouri_area_scripted_country_name_ADJ: "Haut-Missouri"
  french_athabasca_area_scripted_country_name: "Athabasca" 
  french_athabasca_area_scripted_country_name_ADJ: "Athabasca"
  french_saskatchewan_area_scripted_country_name: "Pembina" 
  french_saskatchewan_area_scripted_country_name_ADJ: "Pembina"
  french_keewatin_n_area_scripted_country_name: "Nord-Ouest" 
  french_keewatin_n_area_scripted_country_name_ADJ: "Nord-Ouest"
  french_red_river_area_scripted_country_name: "Assiniboia" #Historical
  french_red_river_area_scripted_country_name_ADJ: "Assiniboia"
  french_mexihko_area_scripted_country_name: "Méksique" 
  french_mexihko_area_scripted_country_name_ADJ: "Méksique"
  french_tlaxcala_area_scripted_country_name: "Tlakskala" 
  french_tlaxcala_area_scripted_country_name_ADJ: "Tlakskala"
  french_huaxyacac_area_scripted_country_name: "Ouaraca " 
  french_huaxyacac_area_scripted_country_name_ADJ: "Ouaraca "
  french_tochtepec_area_scripted_country_name: "Sainte Croix" 
  french_tochtepec_area_scripted_country_name_ADJ: "Sainte Croix"
  french_michoacan_area_scripted_country_name: "Nouvelle-Artois" 
  french_michoacan_area_scripted_country_name_ADJ: "Nouvelle-Artois"
  french_xilotepec_area_scripted_country_name: "Montagnes d'Argent" 
  french_xilotepec_area_scripted_country_name_ADJ: "Montagnes d'Argent"
  french_xalisco_area_scripted_country_name: "Nouvelle-Aquitaine" 
  french_xalisco_area_scripted_country_name_ADJ: "Nouvelle-Aquitaine"
  french_peten_area_scripted_country_name: "Bellix" 
  french_peten_area_scripted_country_name_ADJ: "Bellix"
  french_tezulutlan_area_scripted_country_name: "Goathemala" 
  french_tezulutlan_area_scripted_country_name_ADJ: "Goathemala"
  french_kuskatan_area_scripted_country_name: "Les Profondeurs" 
  french_kuskatan_area_scripted_country_name_ADJ: "Les Profondeurs"
  french_imabite_area_scripted_country_name: "Nicaragua" 
  french_imabite_area_scripted_country_name_ADJ: "Nicaragua"
  french_nekokiaw_area_scripted_country_name: "Côte d'Or" 
  french_nekokiaw_area_scripted_country_name_ADJ: "Côte d'Or"
  french_zacatecas_area_scripted_country_name: "Sacateque" 
  french_zacatecas_area_scripted_country_name_ADJ: "Sacateque"
  french_baja_area_scripted_country_name: "Basse-Californie" 
  french_baja_area_scripted_country_name_ADJ: "Basse-Californie"
  french_tahejoc_area_scripted_country_name: "Nouvelle-Navarre" 
  french_tahejoc_area_scripted_country_name_ADJ: "Nouvelle-Navarre"
  french_culiacan_area_scripted_country_name: "Côte Vermeille " 
  french_culiacan_area_scripted_country_name_ADJ: "Côte Vermeille "
  french_tamaulipeco_area_scripted_country_name: "Terre de Tenec" 
  french_tamaulipeco_area_scripted_country_name_ADJ: "Terre de Tenec"
  french_guachichil_area_scripted_country_name: "Nouvelle-Biscaye" 
  french_guachichil_area_scripted_country_name_ADJ: "Nouvelle-Biscaye"
  french_texas_area_scripted_country_name: "Carancaquaca" #Karankawas
  french_texas_area_scripted_country_name_ADJ: "Carancaquaca"
  french_shiewhibak_area_scripted_country_name: "Beauchêne " 
  french_shiewhibak_area_scripted_country_name_ADJ: "Beauchêne "
  french_alaxsxaq_area_scripted_country_name: "Pay de Aléoute" 
  french_alaxsxaq_area_scripted_country_name_ADJ: "Pay de Aléoute"
  french_yukon_area_scripted_country_name: "Liardie" 
  french_yukon_area_scripted_country_name_ADJ: "Liardie"
  french_columbia_interior_area_scripted_country_name: "Rivière de Broche" #Historical peace river
  french_columbia_interior_area_scripted_country_name_ADJ: "Rivière de Broche"
  french_california_area_scripted_country_name: "Haute-Californie" 
  french_california_area_scripted_country_name_ADJ: "Haute-Californie"
  french_great_basin_area_scripted_country_name: "Bassin de Bonneville" 
  french_great_basin_area_scripted_country_name_ADJ: "Bassin de Bonneville"
  french_rockies_area_scripted_country_name: "Les Rocheuses" 
  french_rockies_area_scripted_country_name_ADJ: "Les Rocheuses"
  french_hawaii_area_scripted_country_name: "Îles Pérouse" 
  french_hawaii_area_scripted_country_name_ADJ: "Îles Pérouse"
  french_cascadia_area_scripted_country_name: "Terre de Charbonneau" 
  french_cascadia_area_scripted_country_name_ADJ: "Terre de Charbonneau"
  french_amazon_area_scripted_country_name: "Amazonie" 
  french_amazon_area_scripted_country_name_ADJ: "Amazonie"
  french_tocantins_area_scripted_country_name: "Toucantine" 
  french_tocantins_area_scripted_country_name_ADJ: "Toucantine"
  french_para_area_scripted_country_name: "Bas Amazonie" 
  french_para_area_scripted_country_name_ADJ: "Bas Amazonie"
  french_maranhao_area_scripted_country_name: "France Équinoxiale " #historical
  french_maranhao_area_scripted_country_name_ADJ: "France Équinoxiale "
  french_piaui_area_scripted_country_name: "Piauhy " 
  french_piaui_area_scripted_country_name_ADJ: "Piauhy "
  french_ceara_area_scripted_country_name: "Cèaras" 
  french_ceara_area_scripted_country_name_ADJ: "Cèaras"
  french_paraiba_area_scripted_country_name: "Parahybas" 
  french_paraiba_area_scripted_country_name_ADJ: "Parahybas"
  french_pernambuco_area_scripted_country_name: "Pèrnambuque" 
  french_pernambuco_area_scripted_country_name_ADJ: "Pèrnambuque"
  french_bahia_area_scripted_country_name: "Baie de Tous les Saints" 
  french_bahia_area_scripted_country_name_ADJ: "Baie de Tous les Saints"
  french_espirito_santo_area_scripted_country_name: "Saint Esprit" 
  french_espirito_santo_area_scripted_country_name_ADJ: "Saint Esprit"
  french_rio_de_janeiro_area_scripted_country_name: "France Antartique" #historical name
  french_rio_de_janeiro_area_scripted_country_name_ADJ: "Antartique"
  french_minas_gerais_area_scripted_country_name: "Emboabas" 
  french_minas_gerais_area_scripted_country_name_ADJ: "Emboabas"
  french_sao_paulo_area_scripted_country_name: "Saint-Paul" 
  french_sao_paulo_area_scripted_country_name_ADJ: "Saint-Paul"
  french_santa_catarina_area_scripted_country_name: "Sainte-Catherine" 
  french_santa_catarina_area_scripted_country_name_ADJ: "Sainte-Catherine"
  french_la_plata_area_scripted_country_name: "Argentine" 
  french_la_plata_area_scripted_country_name_ADJ: "Argentin"
  french_ngulumapu_area_scripted_country_name: "Araucanie " 
  french_ngulumapu_area_scripted_country_name_ADJ: "Araucanien"
  french_patagonia_area_scripted_country_name: "Patagonie" 
  french_patagonia_area_scripted_country_name_ADJ: "Patagonien"
  french_falklands_area_scripted_country_name: "Îles Malouines" #historical
  french_falklands_area_scripted_country_name_ADJ: "Îles Malouines"
  french_south_georgia_area_scripted_country_name: "Île Roché" #historical
  french_south_georgia_area_scripted_country_name_ADJ: "Île Roché"
  french_sinu_area_scripted_country_name: "La Rochelle D'Ouest" 
  french_sinu_area_scripted_country_name_ADJ: "La Rochelle D'Ouest"
  french_guayana_area_scripted_country_name: "Guyane" 
  french_guayana_area_scripted_country_name_ADJ: "Guyane"