l_english: #This file is autogenerated! Don't modify it directly!!!
  latin_labrador_area_scripted_country_name: "Laboratoria" 
  latin_labrador_area_scripted_country_name_ADJ: "Laboratoria"
  latin_newfoundland_area_scripted_country_name: "Terra Nova" 
  latin_newfoundland_area_scripted_country_name_ADJ: "Terra Nova"
  latin_prince_edward_island_area_scripted_country_name: "Sanctus Ioannes" 
  latin_prince_edward_island_area_scripted_country_name_ADJ: "Sanctus Ioannes"
  latin_acadia_area_scripted_country_name: "Acadia Paeninsularis" 
  latin_acadia_area_scripted_country_name_ADJ: "Acadia Paeninsularis"
  latin_new_brunswick_area_scripted_country_name: "Acadia Continentalis" 
  latin_new_brunswick_area_scripted_country_name_ADJ: "Acadia Continentalis"
  latin_hispaniola_area_scripted_country_name: "Hispaniola" 
  latin_hispaniola_area_scripted_country_name_ADJ: "Hispaniola"
  latin_vermont_area_scripted_country_name: "Mons Viridis" 
  latin_vermont_area_scripted_country_name_ADJ: "Mons Viridis"
  latin_maine_area_scripted_country_name: "Cenomannica" 
  latin_maine_area_scripted_country_name_ADJ: "Cenomannica"
  latin_new_jersey_area_scripted_country_name: "Nova Caesarea" 
  latin_new_jersey_area_scripted_country_name_ADJ: "Nova Caesarea"
  latin_pennsylvania_area_scripted_country_name: "Pennsylvania" 
  latin_pennsylvania_area_scripted_country_name_ADJ: "Pennsylvania"
  latin_maryland_area_scripted_country_name: "Terra Mariae" 
  latin_maryland_area_scripted_country_name_ADJ: "Terra Mariae"
  latin_virginia_area_scripted_country_name: "Virginia" 
  latin_virginia_area_scripted_country_name_ADJ: "Virginia"
  latin_west_virginia_area_scripted_country_name: "Monogarella" 
  latin_west_virginia_area_scripted_country_name_ADJ: "Monogarella"
  latin_north_carolina_area_scripted_country_name: "Carolina Septentrionalis" 
  latin_north_carolina_area_scripted_country_name_ADJ: "Carolina Septentrionalis"
  latin_south_carolina_area_scripted_country_name: "Carolina Australis" 
  latin_south_carolina_area_scripted_country_name_ADJ: "Carolina Australis"
  latin_georgia_us_area_scripted_country_name: "Georgia" 
  latin_georgia_us_area_scripted_country_name_ADJ: "Georgia"
  latin_florida_area_scripted_country_name: "Sanctus Augustinus" 
  latin_florida_area_scripted_country_name_ADJ: "Sanctus Augustinus"
  latin_tennessee_area_scripted_country_name: "Tennesia" 
  latin_tennessee_area_scripted_country_name_ADJ: "Tennesia"
  latin_kentucky_area_scripted_country_name: "Kentukia" 
  latin_kentucky_area_scripted_country_name_ADJ: "Kentukia"
  latin_ohio_area_scripted_country_name: "Ohium" 
  latin_ohio_area_scripted_country_name_ADJ: "Ohium"
  latin_indiana_area_scripted_country_name: "Indiana" 
  latin_indiana_area_scripted_country_name_ADJ: "Indiana"
  latin_michigan_area_scripted_country_name: "Michigania" 
  latin_michigan_area_scripted_country_name_ADJ: "Michigania"
  latin_illinois_area_scripted_country_name: "Illinoesia" 
  latin_illinois_area_scripted_country_name_ADJ: "Illinoesia"
  latin_wisconsin_area_scripted_country_name: "Visconsinia" 
  latin_wisconsin_area_scripted_country_name_ADJ: "Visconsinia"
  latin_alabama_area_scripted_country_name: "Alabama" 
  latin_alabama_area_scripted_country_name_ADJ: "Alabama"
  latin_mississippi_area_scripted_country_name: "Mississippia" 
  latin_mississippi_area_scripted_country_name_ADJ: "Mississippia"
  latin_louisiana_area_scripted_country_name: "Ludoviciana" 
  latin_louisiana_area_scripted_country_name_ADJ: "Ludoviciana"
  latin_arkansas_area_scripted_country_name: "Arcansia" 
  latin_arkansas_area_scripted_country_name_ADJ: "Arcansia"
  latin_missouri_area_scripted_country_name: "Missuria" 
  latin_missouri_area_scripted_country_name_ADJ: "Missuria"
  latin_iowa_area_scripted_country_name: "Iova" 
  latin_iowa_area_scripted_country_name_ADJ: "Iova"
  latin_minnesota_area_scripted_country_name: "Minnesota" 
  latin_minnesota_area_scripted_country_name_ADJ: "Minnesota"
  latin_mexihko_area_scripted_country_name: "Mexicum" 
  latin_mexihko_area_scripted_country_name_ADJ: "Mexicum"
  latin_veracruz_area_scripted_country_name: "Veracrux" 
  latin_veracruz_area_scripted_country_name_ADJ: "Veracrux"
  latin_tochtepec_area_scripted_country_name: "Veracrux" 
  latin_tochtepec_area_scripted_country_name_ADJ: "Veracrux"
  latin_mayaab_area_scripted_country_name: "Iucatania" 
  latin_mayaab_area_scripted_country_name_ADJ: "Iucatania"
  latin_zacatecas_area_scripted_country_name: "Sanctus Ludovicus" 
  latin_zacatecas_area_scripted_country_name_ADJ: "Sanctus Ludovicus"
  latin_baja_area_scripted_country_name: "California Inferior" 
  latin_baja_area_scripted_country_name_ADJ: "California Inferior"
  latin_amazon_area_scripted_country_name: "Amazonae" 
  latin_amazon_area_scripted_country_name_ADJ: "Amazonae"
  latin_tocantins_area_scripted_country_name: "Tocantina" 
  latin_tocantins_area_scripted_country_name_ADJ: "Tocantina"
  latin_paraguay_area_scripted_country_name: "Paraquaria" 
  latin_paraguay_area_scripted_country_name_ADJ: "Paraquaria"
  latin_para_area_scripted_country_name: "Para" 
  latin_para_area_scripted_country_name_ADJ: "Para"
  latin_mato_grosso_area_scripted_country_name: "Silva Crassa" 
  latin_mato_grosso_area_scripted_country_name_ADJ: "Silva Crassa"
  latin_goias_area_scripted_country_name: "Goyas" 
  latin_goias_area_scripted_country_name_ADJ: "Goyas"
  latin_maranhao_area_scripted_country_name: "Maragnanum" 
  latin_maranhao_area_scripted_country_name_ADJ: "Maragnanum"
  latin_piaui_area_scripted_country_name: "Piauhy" 
  latin_piaui_area_scripted_country_name_ADJ: "Piauhy"
  latin_ceara_area_scripted_country_name: "Ceara" 
  latin_ceara_area_scripted_country_name_ADJ: "Ceara"
  latin_paraiba_area_scripted_country_name: "Parahyba" 
  latin_paraiba_area_scripted_country_name_ADJ: "Parahyba"
  latin_pernambuco_area_scripted_country_name: "Fernambocum" 
  latin_pernambuco_area_scripted_country_name_ADJ: "Fernambocum"
  latin_bahia_area_scripted_country_name: "Bahia" 
  latin_bahia_area_scripted_country_name_ADJ: "Bahia"
  latin_espirito_santo_area_scripted_country_name: "Spiritus Sanctus" 
  latin_espirito_santo_area_scripted_country_name_ADJ: "Spiritus Sanctus"
  latin_rio_de_janeiro_area_scripted_country_name: "Flumen Ianuarii" 
  latin_rio_de_janeiro_area_scripted_country_name_ADJ: "Flumen Ianuarii"
  latin_minas_gerais_area_scripted_country_name: "Fodinae Generales" 
  latin_minas_gerais_area_scripted_country_name_ADJ: "Fodinae Generales"
  latin_sao_paulo_area_scripted_country_name: "Sanctus Paulus" 
  latin_sao_paulo_area_scripted_country_name_ADJ: "Sanctus Paulus"
  latin_santa_catarina_area_scripted_country_name: "Sancta Catharina" 
  latin_santa_catarina_area_scripted_country_name_ADJ: "Sancta Catharina"
  latin_rio_grande_do_sul_area_scripted_country_name: "Flumen Magnum" 
  latin_rio_grande_do_sul_area_scripted_country_name_ADJ: "Flumen Magnum"
  latin_la_plata_area_scripted_country_name: "Argentina" 
  latin_la_plata_area_scripted_country_name_ADJ: "Argentina"
  latin_guayana_area_scripted_country_name: "Guiana " 
  latin_guayana_area_scripted_country_name_ADJ: "Guiana "