l_english: #This file is autogenerated! Don't modify it directly!!!
  occitan_laurentian_area_scripted_country_name: "Llorençan" 
  occitan_laurentian_area_scripted_country_name_ADJ: "Llorençan"
  occitan_jamesie_area_scripted_country_name: "Sant Jaume" 
  occitan_jamesie_area_scripted_country_name_ADJ: "Sant Jaume"
  occitan_nunavik_area_scripted_country_name: "Nunavic" 
  occitan_nunavik_area_scripted_country_name_ADJ: "Nunavic"
  occitan_newfoundland_area_scripted_country_name: "Terranova" 
  occitan_newfoundland_area_scripted_country_name_ADJ: "Terranova"
  occitan_prince_edward_island_area_scripted_country_name: "Illa de Príncep" 
  occitan_prince_edward_island_area_scripted_country_name_ADJ: "Illa de Príncep"
  occitan_new_brunswick_area_scripted_country_name: "Sant Joan" 
  occitan_new_brunswick_area_scripted_country_name_ADJ: "Sant Joan"
  occitan_keewatin_area_scripted_country_name: "Quevatin" 
  occitan_keewatin_area_scripted_country_name_ADJ: "Quevatin"
  occitan_hispaniola_area_scripted_country_name: "Sant Domènec" 
  occitan_hispaniola_area_scripted_country_name_ADJ: "Sant Domènec"
  occitan_massachusetts_area_scripted_country_name: "Masasusets" 
  occitan_massachusetts_area_scripted_country_name_ADJ: "Masasusets"
  occitan_vermont_area_scripted_country_name: "Monvert" 
  occitan_vermont_area_scripted_country_name_ADJ: "Monvert"
  occitan_new_hampshire_area_scripted_country_name: "Merimac" 
  occitan_new_hampshire_area_scripted_country_name_ADJ: "Merimac"
  occitan_maine_area_scripted_country_name: "Vabanac" 
  occitan_maine_area_scripted_country_name_ADJ: "Vabanac"
  occitan_haudenosaunee_area_scripted_country_name: "Rodenosauni" 
  occitan_haudenosaunee_area_scripted_country_name_ADJ: "Rodenosauni"
  occitan_new_jersey_area_scripted_country_name: "Novas Balears" 
  occitan_new_jersey_area_scripted_country_name_ADJ: "Novas Balears"
  occitan_pennsylvania_area_scripted_country_name: "Susqueran" 
  occitan_pennsylvania_area_scripted_country_name_ADJ: "Susqueran"
  occitan_westsylvania_area_scripted_country_name: "Allegen" 
  occitan_westsylvania_area_scripted_country_name_ADJ: "Allegen"
  occitan_maryland_area_scripted_country_name: "Santa Maria" 
  occitan_maryland_area_scripted_country_name_ADJ: "Santa Maria"
  occitan_west_virginia_area_scripted_country_name: "Monogarrel" 
  occitan_west_virginia_area_scripted_country_name_ADJ: "Monogarrel"
  occitan_north_carolina_area_scripted_country_name: "Sant Carles Nord" 
  occitan_north_carolina_area_scripted_country_name_ADJ: "Sant Carles Nord"
  occitan_south_carolina_area_scripted_country_name: "Sant Carles Sud" 
  occitan_south_carolina_area_scripted_country_name_ADJ: "Sant Carles Sud"
  occitan_tennessee_area_scripted_country_name: "Tenesi" 
  occitan_tennessee_area_scripted_country_name_ADJ: "Tenesi"
  occitan_kentucky_area_scripted_country_name: "Guentac" 
  occitan_kentucky_area_scripted_country_name_ADJ: "Guentac"
  occitan_ohio_area_scripted_country_name: "Orio" 
  occitan_ohio_area_scripted_country_name_ADJ: "Orio"
  occitan_illinois_area_scripted_country_name: "Illina" 
  occitan_illinois_area_scripted_country_name_ADJ: "Illina"
  occitan_wisconsin_area_scripted_country_name: "Visconsin" 
  occitan_wisconsin_area_scripted_country_name_ADJ: "Visconsin"
  occitan_mississippi_area_scripted_country_name: "Misisip" 
  occitan_mississippi_area_scripted_country_name_ADJ: "Misisip"
  occitan_louisiana_area_scripted_country_name: "Loisian" 
  occitan_louisiana_area_scripted_country_name_ADJ: "Loisian"
  occitan_arkansas_area_scripted_country_name: "Arcansa" 
  occitan_arkansas_area_scripted_country_name_ADJ: "Arcansa"
  occitan_missouri_area_scripted_country_name: "Misuri" 
  occitan_missouri_area_scripted_country_name_ADJ: "Misuri"
  occitan_iowa_area_scripted_country_name: "Ayoa" 
  occitan_iowa_area_scripted_country_name_ADJ: "Ayoa"
  occitan_central_plains_area_scripted_country_name: "Cansas" 
  occitan_central_plains_area_scripted_country_name_ADJ: "Cansas"
  occitan_minas_gerais_area_scripted_country_name: "Mines Generals" 
  occitan_minas_gerais_area_scripted_country_name_ADJ: "Mines Generals"
  occitan_nekokiaw_area_scripted_country_name: "Necocal" 
  occitan_nekokiaw_area_scripted_country_name_ADJ: "Necocal"
  occitan_baja_area_scripted_country_name: "Baixa Califòrnia" 
  occitan_baja_area_scripted_country_name_ADJ: "Baixa Califòrnia"
  occitan_alaxsxaq_area_scripted_country_name: "Alasc" 
  occitan_alaxsxaq_area_scripted_country_name_ADJ: "Alasc"
  occitan_california_area_scripted_country_name: "Califòrnia" 
  occitan_california_area_scripted_country_name_ADJ: "Califòrnia"
  occitan_para_area_scripted_country_name: "Pará" 
  occitan_para_area_scripted_country_name_ADJ: "Pará"
  occitan_maranhao_area_scripted_country_name: "Maranyan" 
  occitan_maranhao_area_scripted_country_name_ADJ: "Maranyan"
  occitan_piaui_area_scripted_country_name: "Pyaui" 
  occitan_piaui_area_scripted_country_name_ADJ: "Pyaui"
  occitan_ceara_area_scripted_country_name: "Cearà" 
  occitan_ceara_area_scripted_country_name_ADJ: "Cearà"
  occitan_paraiba_area_scripted_country_name: "Paraib" 
  occitan_paraiba_area_scripted_country_name_ADJ: "Paraib"
  occitan_pernambuco_area_scripted_country_name: "Pernabuc" 
  occitan_pernambuco_area_scripted_country_name_ADJ: "Pernabuc"
  occitan_bahia_area_scripted_country_name: "Badia de Tots Sants" 
  occitan_bahia_area_scripted_country_name_ADJ: "Badia de Tots Sants"
  occitan_espirito_santo_area_scripted_country_name: "Esperit Sant" 
  occitan_espirito_santo_area_scripted_country_name_ADJ: "Esperit Sant"
  occitan_rio_de_janeiro_area_scripted_country_name: "Riu de Gener" 
  occitan_rio_de_janeiro_area_scripted_country_name_ADJ: "Riu de Gener"
  occitan_minas_gerais_area_scripted_country_name: "Mines Generals" 
  occitan_minas_gerais_area_scripted_country_name_ADJ: "Mines Generals"
  occitan_sao_paulo_area_scripted_country_name: "Sant Pau" 
  occitan_sao_paulo_area_scripted_country_name_ADJ: "Sant Pau"
  occitan_santa_catarina_area_scripted_country_name: "Santa Catarina" 
  occitan_santa_catarina_area_scripted_country_name_ADJ: "Santa Catarina"
  occitan_rio_grande_do_sul_area_scripted_country_name: "Riu Grand del Sud" 
  occitan_rio_grande_do_sul_area_scripted_country_name_ADJ: "Riu Grand del Sud"
  occitan_la_plata_area_scripted_country_name: "Riu Argent" 
  occitan_la_plata_area_scripted_country_name_ADJ: "Riu Argent"