l_english: #This file is autogenerated! Don't modify it directly!!!
  italian_greenland_area_scripted_country_name: "Engronelandia" #Antonio Zeno
  italian_greenland_area_scripted_country_name_ADJ: "Engronelandiani"
  italian_quebec_area_scripted_country_name: "Chebeca" #transliteration
  italian_quebec_area_scripted_country_name_ADJ: "Chebeca"
  italian_laurentian_area_scripted_country_name: "Monte Lorenzo" #translation
  italian_laurentian_area_scripted_country_name_ADJ: "Monte Lorenzo"
  italian_lower_canada_area_scripted_country_name: "Canada Inferiore" 
  italian_lower_canada_area_scripted_country_name_ADJ: "Canada Inferiore"
  italian_jamesie_area_scripted_country_name: "San Giacomo" 
  italian_jamesie_area_scripted_country_name_ADJ: "San Giacomo"
  italian_nunavik_area_scripted_country_name: "Nunaviche" 
  italian_nunavik_area_scripted_country_name_ADJ: "Nunaviche"
  italian_labrador_area_scripted_country_name: "Estotiland" #Antonio Zeno
  italian_labrador_area_scripted_country_name_ADJ: "Estotiland"
  italian_newfoundland_area_scripted_country_name: "Cabotia" 
  italian_newfoundland_area_scripted_country_name_ADJ: "Cabotiani"
  italian_prince_edward_island_area_scripted_country_name: "Satanaxio" #historical phantom island
  italian_prince_edward_island_area_scripted_country_name_ADJ: "Satanaxio"
  italian_acadia_area_scripted_country_name: "Drogeo" #Antonio Zeno 
  italian_acadia_area_scripted_country_name_ADJ: "Drogeo"
  italian_new_brunswick_area_scripted_country_name: "Icaria" #historical phantom island
  italian_new_brunswick_area_scripted_country_name_ADJ: "Icaria"
  italian_greenstone_belt_area_scripted_country_name: "Abbitibbi" 
  italian_greenstone_belt_area_scripted_country_name_ADJ: "Abbitibbi"
  italian_keewatin_area_scripted_country_name: "Chivacin" 
  italian_keewatin_area_scripted_country_name_ADJ: "Chivacin"
  italian_cuba_area_scripted_country_name: "Ymana" #Zuane Pizzigano
  italian_cuba_area_scripted_country_name_ADJ: "Ymana"
  italian_hispaniola_area_scripted_country_name: "Quizqueia" #name used by italian historian Anguiera
  italian_hispaniola_area_scripted_country_name_ADJ: "Quizqueia"
  italian_lesser_antilles_area_scripted_country_name: "Isole dei San Brendano" #historical
  italian_lesser_antilles_area_scripted_country_name_ADJ: "Isole dei San Brendano"
  italian_panama_area_scripted_country_name: "Mangi" #Columbus believed he had 'reached Mangi'
  italian_panama_area_scripted_country_name_ADJ: "Mangi"
  italian_massachusetts_area_scripted_country_name: "Pallavicino" #name used by verrazzano
  italian_massachusetts_area_scripted_country_name_ADJ: "Pallavicino"
  italian_southern_new_england_area_scripted_country_name: "Refugio" #name used by verrazzano
  italian_southern_new_england_area_scripted_country_name_ADJ: "Refugio"
  italian_vermont_area_scripted_country_name: "Monte Verde" 
  italian_vermont_area_scripted_country_name_ADJ: "Monte Verde"
  italian_new_hampshire_area_scripted_country_name: "Oranbega" #name used by verrazzano
  italian_new_hampshire_area_scripted_country_name_ADJ: "Oranbega"
  italian_maine_area_scripted_country_name: "Penoscotto" #after the river
  italian_maine_area_scripted_country_name_ADJ: "Penoscotto"
  italian_hudson_area_scripted_country_name: "Udizone" #transliteration
  italian_hudson_area_scripted_country_name_ADJ: "Udizone"
  italian_haudenosaunee_area_scripted_country_name: "Rodenozonne" #transliteration
  italian_haudenosaunee_area_scripted_country_name_ADJ: "Rodenozonne"
  italian_new_jersey_area_scripted_country_name: "Longa Villa" #name used by verrazzano
  italian_new_jersey_area_scripted_country_name_ADJ: "Longa Villa"
  italian_pennsylvania_area_scripted_country_name: "Sucherana" 
  italian_pennsylvania_area_scripted_country_name_ADJ: "Sucherana"
  italian_westsylvania_area_scripted_country_name: "Malenguela" 
  italian_westsylvania_area_scripted_country_name_ADJ: "Malenguela"
  italian_maryland_area_scripted_country_name: "Santa Maria" 
  italian_maryland_area_scripted_country_name_ADJ: "Santa Maria"
  italian_virginia_area_scripted_country_name: "Vergine Maria" 
  italian_virginia_area_scripted_country_name_ADJ: "Vergine Maria"
  italian_north_carolina_area_scripted_country_name: "Selva di Lauri" #name used by verrazzano
  italian_north_carolina_area_scripted_country_name_ADJ: "Selva di Lauri"
  italian_south_carolina_area_scripted_country_name: "Campo di Cedri" #name used by verrazzano
  italian_south_carolina_area_scripted_country_name_ADJ: "Campo di Cedri"
  italian_georgia_us_area_scripted_country_name: "Georgia" 
  italian_georgia_us_area_scripted_country_name_ADJ: "Georgia"
  italian_florida_area_scripted_country_name: "Cipango" #Columbus irl called Cibao - Cipango.
  italian_florida_area_scripted_country_name_ADJ: "Cipango"
  italian_tennessee_area_scripted_country_name: "Tennesia" 
  italian_tennessee_area_scripted_country_name_ADJ: "Tennesia"
  italian_kentucky_area_scripted_country_name: "Quentucchia" 
  italian_kentucky_area_scripted_country_name_ADJ: "Quentucchia"
  italian_ohio_area_scripted_country_name: "Orio" 
  italian_ohio_area_scripted_country_name_ADJ: "Orio"
  italian_indiana_area_scripted_country_name: "Indiana" 
  italian_indiana_area_scripted_country_name_ADJ: "Indiana"
  italian_michigan_area_scripted_country_name: "Missigania" 
  italian_michigan_area_scripted_country_name_ADJ: "Missigania"
  italian_louisiana_area_scripted_country_name: "Luigiana" 
  italian_louisiana_area_scripted_country_name_ADJ: "Luigiano"
  italian_arkansas_area_scripted_country_name: "Arcansa" 
  italian_arkansas_area_scripted_country_name_ADJ: "Arcansa"
  italian_missouri_area_scripted_country_name: "Misuri" 
  italian_missouri_area_scripted_country_name_ADJ: "Misuri"
  italian_mexihko_area_scripted_country_name: "Messico" 
  italian_mexihko_area_scripted_country_name_ADJ: "Messico"
  italian_guanajuato_area_scripted_country_name: "Ganagiatto" 
  italian_guanajuato_area_scripted_country_name_ADJ: "Ganagiatto"
  italian_veracruz_area_scripted_country_name: "Vera Croce" 
  italian_veracruz_area_scripted_country_name_ADJ: "Vera Croce"
  italian_tochtepec_area_scripted_country_name: "Vera Croce" 
  italian_tochtepec_area_scripted_country_name_ADJ: "Vera Croce"
  italian_michoacan_area_scripted_country_name: "Micoacane" 
  italian_michoacan_area_scripted_country_name_ADJ: "Micoacane"
  italian_peten_area_scripted_country_name: "Babeque" #Rumored rich island
  italian_peten_area_scripted_country_name_ADJ: "Babeque"
  italian_baja_area_scripted_country_name: "California Inferiore" 
  italian_baja_area_scripted_country_name_ADJ: "California Inferiore"
  italian_amazon_area_scripted_country_name: "Rio de Amaxones" #historical
  italian_amazon_area_scripted_country_name_ADJ: "Rio de Amaxones"
  italian_tocantins_area_scripted_country_name: "Tocanccine" 
  italian_tocantins_area_scripted_country_name_ADJ: "Tocanccine"
  italian_paraguay_area_scripted_country_name: "Paragaggio" 
  italian_paraguay_area_scripted_country_name_ADJ: "Paragaggio"
  italian_mato_grosso_area_scripted_country_name: "Paludezzo" 
  italian_mato_grosso_area_scripted_country_name_ADJ: "Paludezzo"
  italian_goias_area_scripted_country_name: "Goiaggio" 
  italian_goias_area_scripted_country_name_ADJ: "Goiaggio"
  italian_maranhao_area_scripted_country_name: "Maragnone" 
  italian_maranhao_area_scripted_country_name_ADJ: "Maragnone"
  italian_pernambuco_area_scripted_country_name: "Pernambocco" 
  italian_pernambuco_area_scripted_country_name_ADJ: "Pernambocco"
  italian_bahia_area_scripted_country_name: "Baia di Ognissanti" 
  italian_bahia_area_scripted_country_name_ADJ: "Baia di Ognissanti"
  italian_espirito_santo_area_scripted_country_name: "Spirito Santo" 
  italian_espirito_santo_area_scripted_country_name_ADJ: "Spirito Santo"
  italian_rio_de_janeiro_area_scripted_country_name: "Fiume di Gennaio" 
  italian_rio_de_janeiro_area_scripted_country_name_ADJ: "Fiume di Gennaio"
  italian_sao_paulo_area_scripted_country_name: "San Paolo" 
  italian_sao_paulo_area_scripted_country_name_ADJ: "San Paolo"
  italian_santa_catarina_area_scripted_country_name: "Santa Catalina" 
  italian_santa_catarina_area_scripted_country_name_ADJ: "Santa Catalina"
  italian_la_plata_area_scripted_country_name: "Fiume dell'Argento" #silver is argento in italian
  italian_la_plata_area_scripted_country_name_ADJ: "Argentino"
  italian_patagonia_area_scripted_country_name: "Pigafettana" 
  italian_patagonia_area_scripted_country_name_ADJ: "Pigafettana"
  italian_sinu_area_scripted_country_name: "Portovenere" 
  italian_sinu_area_scripted_country_name_ADJ: "Portovenere"
  italian_guayana_area_scripted_country_name: "Ferdinanda" #after the unsucessful tuscan colony
  italian_guayana_area_scripted_country_name_ADJ: "Ferdinanda"
  italian_northwestern_australia_area_scripted_country_name: "Grandi Giava" 
  italian_northwestern_australia_area_scripted_country_name_ADJ: "Grandi Giava"
  italian_south_island_area_scripted_country_name: "Piccole Giava" 
  italian_south_island_area_scripted_country_name_ADJ: "Piccole Giava"