l_english: #This file is autogenerated! Don't modify it directly!!!
 navassa_island.spanish_language: "Navaza" #Navassa Island ()
 cochinos_bay.spanish_language: "Bahía de Cochinos" #Bay of Pigs ()
 mayaca.spanish_language: "San Agustín" #Mayaca (St. Augustine)
 bulbancha.spanish_language: "Nueva Orleans" #Bulbancha (New Orleans)
 itihumma.spanish_language: "Bastón Rojo" #Itihumma (Baton Rouge)
 chawasha.spanish_language: "San Bernardo" #Chawasha ()
 opelousa.spanish_language: "Punta Cortada" #Opelousa ()
 ciwat.spanish_language: "Nueva Iberia" #Ciwat (Lafayette)
 calcasieu.spanish_language: "Los Adaes" #Calcasieu (Natchitoches), Ideally Los Adaes would be a separate location from Natchitoches, but currently both are in the same location
 ouachita.spanish_language: "Fuerte Miró" #Ouachita (Monroe)
 kisatchie.spanish_language: "El Rapido" #Kisatchie (Alexandria)
 catahoula.spanish_language: "Concordia" #Catahoula ()
 anilco.spanish_language: "Puesto de los Akanzas" #Anilco ()
 tamaroa.spanish_language: "San Luis" #Tamaroa (St. Louis)
 towosaghy.spanish_language: "Nueva Madrid" #Towosaghy (New Madrid)
 chepoussa.spanish_language: "Santa Genoveva" #Chepoussa (Ste. Genevieve)
 st_francois_mts.spanish_language: "Montes San Francisco" #Saint Francois Mountains ()
 etzanoa.spanish_language: "Rayados" #Etzanoa (Arkansas City)
 tenochtitlan.spanish_language: "México" #Tenochtitlan (Mexico City)
 tlacopan.spanish_language: "Tacuba" #Tlacopan (Tacuba)
 cuauhnahuac.spanish_language: "Cuernavaca" #Cuauhnahuac (Cuernavaca)
 itzocan.spanish_language: "Izúcar" #Itzocan (Izúcar de Matamoros)
 yopitzinco.spanish_language: "Acapulco" #Yopitzinco (Acapulco)
 zacatollan.spanish_language: "Zacatula" #Zacatollan (Lazaro Cardenas)
 pachyohcan.spanish_language: "Pachuca" #Pachyohcan (Pachuca)
 tollantzinco.spanish_language: "Tulancingo" #Tollantzinco (Tulancingo)
 guiigu_yudxi.spanish_language: "Xalapa del Marqués" #Guiigu yudxi (Jalapa)
 tlachquiauhco.spanish_language: "Tlaxiaco" #Tlachquiauhco (Tlaxiaco)
 poctlan.spanish_language: "Putla" #Poctlan (Putla)
 tillantonco.spanish_language: "Tilantongo" #Tillantonco (Tilantongo)
 yucucui.spanish_language: "Antequera" #Yucucui (Oaxaca de Juárez), colonial name; a town in Andalusia
 yucundaa.spanish_language: "Teposcolula" #Yucundaa (San Juan Teposcolula)
 yucundeq.spanish_language: "Yanhuitlán" #Yucundeq ()
 yodzocahi.spanish_language: "Santo Domingo Yanhuitlan" #Yodzocahi (Santo Domingo Yanhuitlán), It could also be Yancuitlan
 nochixtlan.spanish_language: "Nochistlan" #Nochixtlan (Asunción Nochixtlán)
 zaachila.spanish_language: "Zimatlán" #Zaachila ()
 cuauhcuetzpaltepec.spanish_language: "Huaspaltepec" #Cuauhcuetzpaltepec (Playa Vicente)
 xamapan.spanish_language: "Veracruz" #Xamapan (Heroica Veracruz)
 huexotzinco.spanish_language: "Huejotzingo" #Huexotzinco (Huejotzingo)
 cholollan.spanish_language: "Puebla" #Cholollan (Puebla), the Spanish version of Cholollan is Cholula
 tepeyacac.spanish_language: "Tepeaca" #Tepeyacac (Tepeaca)
 tepexi.spanish_language: "Tepexi" #Tepexic (Tepexi de Rodriguez)
 xalapa.spanish_language: "Xalapa de la Feria" #Xalapan (Xalapa-Enriquez)
 guayangareo.spanish_language: "Valladolid" #Guayangareo (Morelia)
 tlalpujahua.spanish_language: "Tlalpujahua" #Tlalpoxahuac (Tlalpujahua de Rayón)
 tollohcan.spanish_language: "Toluca" #Pintanbati (Toluca)
 teotenanco.spanish_language: "Tenango" #Teotenanco (Tenango del Valle)
 cocomacan.spanish_language: "Dolores" #Cocomacan (Dolores Hidalgo), Hidalgo is a post-independence element
 mo_o_ti.spanish_language: "Guanajuato" #Mo o ti (Guanajuato)
 pechichitane.spanish_language: "León" #Pechichitlan (León)
 xiriquitzio.spanish_language: "Irapuato" #Xiriquitzio (Irapuato)
 nat_tha_hi.spanish_language: "Celaya" #Nat tha hi (Celaya)
 penlamu.spanish_language: "Pénjamo" #Penlamu (Pénjamo)
 tangamanga.spanish_language: "San Luis Potosí" #Tangamanga (San Luis Potosí)
 quechula.spanish_language: "Quechula" #Quechollan ()
 ocosingo.spanish_language: "Ocosingo" #Ocotzinco ()
 tenamitl.spanish_language: "Comitán" #Tenamitl (Comitán de Domínguez)
 zinacantan.spanish_language: "Ciudad Real" #Zinacantan (San Cristóbal de las Casas), colonial-era name
 pochutla.spanish_language: "Pochutla" #Pochotlan (Perla de Acapulco)
 tonala_chiapas.spanish_language: "Tonalá" #Tonallan (Tonalá)
 napinaica.spanish_language: "Tuxtla" #Napiniaca (Chiapa de Corzo)
 jaltenango.spanish_language: "Jaltenango" #Xaltenanco ()
 cupilco.spanish_language: "Villahermosa" #Cupilco (José María Pino Suárez)
 mayapan.spanish_language: "Mayapán" #Màayapáan (Mayapán)
 tho.spanish_language: "Mérida" #T'Hó (Mérida)
 titsimin.spanish_language: "Tizimín" #Ti'tsimín (Tizimín)
 chichen_itza.spanish_language: "Chichén Itzá" #Chi' ch'e'en its ja' (Chichén Itzá)
 tases.spanish_language: "Tixcancal" #Tases (Tixcancal)
 kalotmul.spanish_language: "Calotmul" #Kalotmul (Calotmul)
 zaci.spanish_language: "Valladolid" #Zaci (Valladolid)
 kaan_peech.spanish_language: "Campeche" #Kaan peech (Campeche)
 xicallanco.spanish_language: "Xicalango" #Xicallanco (Ciudad del Carmen)
 chactemal.spanish_language: "Chetumal" #Cháak te' éemal (Chetumal)
 bakhalal.spanish_language: "Bacalar" #Bakhalal (Bacalar)
 noh_peten.spanish_language: "Remedios" #Noj Petén (Flores)
 acasaguastlan.spanish_language: "Acasaguastlán" #Acacehuastlan ()
 cuauhtemallan.spanish_language: "Santiago de los Caballero de Guatemala" #Cuauhtemallan (), This was the original name of the first city of Guatemala, also called Antigua Guatemala, which served as the capital of the Captaincy General of Guatemala (a jurisdiction within the Viceroyalty of New Spain). Short name: Antigua Guatemala
 itzalku.spanish_language: "Sonsonate" #Itzalku (Izalco), Sonsonate more relevant in colonial period
 xelahuh.spanish_language: "Quetzaltenango" #Xelahuh (Quetzaltenango)
 itzcuintlan.spanish_language: "Escuintla" #Itzkwintlan (Escuintla)
 chinabajul.spanish_language: "Huehuetenango" #Zaculeu (Huehuetenango)
 chama.spanish_language: "Cobán" #Chi Mon'a (Cobán)
 kajyub.spanish_language: "Rabinal" #Kajyub (Rabinal)
 toquegua.spanish_language: "Santo Tomás de Castilla" #Toquegua (Santo Tomás de Castilla)
 tecohtzincalpan.spanish_language: "Tegucigalpa" #Tecohtzincalpan (Tegucigalpa)
 ocotepec.spanish_language: "Ocotepeque" #Ocotepec (Ocotepeque)
 shalatenan.spanish_language: "Chalatenango" #Shalatenan (Chalatenango)
 papayeca.spanish_language: "Trujillo" #Papayeca (Río Claro), Trujillo became the main town here
 kuskatan.spanish_language: "San Salvador" #Kuskatan ()
 cojutepeque.spanish_language: "Cojutepeque" #Kuxutepek (Cojutepeque)
 tlayolan.spanish_language: "Zapotlán" #Tlayolan (Ciudad Guzmán)
 tlamazolan.spanish_language: "Tamazula" #Tlamazolan (Tamazula de Gordiano)
 amollan.spanish_language: "Amula" #Amollan (San Juan de Amula)
 cuauhchinanco.spanish_language: "Guachinango" #Cuauhchinanco (Guachinango)
 tlalpan.spanish_language: "Talpa" #Tlalpan (Talpa de Allende)
 amaxacotlan.spanish_language: "Mascota" #Amaxacotlan (Mascota)
 hostoticpac.spanish_language: "San Sebastián" #Hostoticpac (San Sebastián)
 tonala.spanish_language: "Guadalajara" #Tonallan (Guadalajara)
 tlaxomulco.spanish_language: "Tlajomulco" #Tlaxomulco (Tlajomulco de Zúñiga)
 chapallan.spanish_language: "Chapala" #Chapallan (Chapala)
 yenecamu.spanish_language: "La Paz" #Yenecamú (La Paz)
 tugumlepen.spanish_language: "San Luisito" #Tugumlepen (McAllen)
 estok_gna.spanish_language: "Carnestolendas" #Esto'k Gna (Rio Grande City)
 cachopostales.spanish_language: "Laredo" #Cachopostales (Laredo)
 piguique.spanish_language: "Santa Petronila" #Piguique (Corpus Christi)
 capoque.spanish_language: "Velasco" #Capoque (Lake Jackson)
 karankawa.spanish_language: "Matagorda" #Karankawa (Matagorda)
 copane.spanish_language: "El Cópano" #Copane (Refugio), Fort Aránzazu
 mariame.spanish_language: "La Bahía" #Mariame (Victoria)
 waco.spanish_language: "Hueco" #Waco (Waco)
 tanimuu.spanish_language: "Mesquite" #Tanimʉʉ (Dallas)
 taovaya.spanish_language: "San Teodoro" #Taovaya ()
 tchesha.spanish_language: "San Sabá " # ()
 aranama.spanish_language: "Goliad" #Aranama (Goliad)
 saxop_wan_pupako.spanish_language: "Las Fontanas" #Saxop wan pupako (New Braunfels)
 chayopin.spanish_language: "El Cíbolo" #Chayopin (Floresville)
 yanaguana.spanish_language: "San Antonio" #Yanaguana (San Antonio)
 nasoni.spanish_language: "San Luiz de los Cadodachos" #Nishone (Texarkana)
 nadakuh.spanish_language: "Nadaco" #Nadákuh ()
 ayish.spanish_language: "Los Ais" #Ayish (San Augustine)
 haynay.spanish_language: "Hainai" #Haynay ()
 nabaydacu.spanish_language: "Los Tejas" #Nabaydacu ()
 nakono.spanish_language: "Nacono" #Nakono ()
 bidai.spanish_language: "Bucareli" #Bidai ()
 han.spanish_language: "Isla de Malhado" #Han (Galveston)
 orcoquisac.spanish_language: "Fort Las Casas" #Orcoquisac (Anahuac)
 caux.spanish_language: "Atascocito" #Caux (Liberty)
 mayeye.spanish_language: "San Xavier" #Mayeye ()
 ajehuac_yana.spanish_language: "San Marcos" #Ajehuac yana (San Marcos)
 xochipillan.spanish_language: "Juchipila" #Xochipillan (Juchipila)
 teulinchan.spanish_language: "Tlaltenango" #Tlaltenanco (Tlaltenango de Sánchez Román)
 saanich.spanish_language: "Puerto de Cordova" #Saanich (Victoria)
 stz_uminus.spanish_language: "Bocas de Winthuysen" #Stz'uminus (Nanaimo)
 ucluelet.spanish_language: "Alberni" #Ucluelet (Port Alberni)
 maaqtusiis.spanish_language: "Santa Cruz de Nuca" #Mowachaht (Yuquot)
 yaanga.spanish_language: "Los Angeles" #Yaanga (Los Angeles), El Pueblo de la Reina de los Angeles
 multnomah.spanish_language: "El Vaciar" #Multnomah (Portland), translation of The Clearing, another historical name used for Portland prior to 1844
 cruz_alta.spanish_language: "Santo Ángel Custodio OR Santo Ángel" #Cruz Alta (Santo Ângelo)
 palmeira.spanish_language: "San Carlos" #Palmeira ()
 nandeva.spanish_language: "San Joaquín" #Ñandeva ()
 passo_fundo.spanish_language: "Santa Teresa" #Passo Fundo (Passo Fundo)
 mirim_lake.spanish_language: "Laguna Merin" #Mirim Lake (Lagoa Mirim)
 negra_lagoon.spanish_language: "Laguna Negra" #Negra Lagoon ()
 tupancireta.spanish_language: "Santos Cosme y Damián" #Tupancireta ()
 umbu.spanish_language: "Jesús Maria" #Umbu ()
 vacacai.spanish_language: "San José" #Vacacai (Santa Maria)
 huancapampa.spanish_language: "Huancabamba" #Huancapampa (Huancabamba)
 rimaq.spanish_language: "Lima" #Rimaq ()
 ishma.spanish_language: "Lurín" #Ishma ()
 chuqlluqucha.spanish_language: "Choclococha" #Chuqlluqucha ()
 cahuachi.spanish_language: "Nazca" #Naska ()
 acari.spanish_language: "Acarí" #Acari ()
 ucuna.spanish_language: "Ocoña" #Ucuña ()
 camana.spanish_language: "Camaná" #Camana ()
 puquina.spanish_language: "Moquegua" #Muk'iwa ()
 iki_iki.spanish_language: "Iquique" #Iki Iki ()
 caupolican.spanish_language: "Apolobamba" #Apulupampa (Apolobamba)
 wari_peru.spanish_language: "Huamanga" #Wamanqa ()
 antabamba.spanish_language: "Antabamba" #Antapampa (Antabamba)
 chuqiyapu.spanish_language: "La Paz" #Chuqiyapu (La Paz)
 qusqu.spanish_language: "Cusco" #Qusqu ()
 paucartambo.spanish_language: "Paucartambo" #Pawqar Tampu ()
 urupampa.spanish_language: "Urubamba" #Urupampa ()
 yunca.spanish_language: "Machiguengas" #Matsigenka ()
 ullantaytampu.spanish_language: "Ollantaytambo" #Ullantaytampu ()
 willka_pampa.spanish_language: "Vilcabamba" #Willka Pampa ()
 huambos.spanish_language: "Huambos" #Huambo ()
 kaxa_marca.spanish_language: "Cajamarca" #Kaxa Marca (Cajamarca)
 moyobamba.spanish_language: "Moyobamba" #Muyupampa ()
 yaros.spanish_language: "Soriano" #Yaros (Soriano)
 ombu.spanish_language: "Colonia del Sacramento" #Ombu (Colonia del Sacramento)
 charrua.spanish_language: "Montevideo" #Charrua (Montevideo)
 araicuahita.spanish_language: "Maldonado" #Araicuahita (Maldonado)
 yi.spanish_language: "Florida" #Yi (Florida)
 hum.spanish_language: "Rio Negro" #Hum (Rio Negro)
 arachan.spanish_language: "Rocha" #Arachan (Rocha)
 guenoa.spanish_language: "Paysandú" #Guenoa (Paysandú)
 ita_cuara.spanish_language: "Tacuarembo" #Ita Cuara (Tacuarembo)
 ybiti.spanish_language: "Salto" #Ybiti (Salto)
 yacegua.spanish_language: "Cerro Largo" #Yacegua (Cerro Largo)