l_english: #This file is autogenerated! Don't modify it directly!!!
 gaspe.french_language: "Gaspé" #Gespeg (Gaspé)
 chicchoc.french_language: "Mont-Louis" #Sigsôg (Saint-Maxime-du-Mont-Louis)
 marsoui.french_language: "Denis-Riverin" #Malseoui (Sainte-Anne-des-Monts)
 pewjeg.french_language: "Pabeau" #Pew'jeg (Le Rocher-Percé)
 cascapedia.french_language: "Bonaventure" #Gesgapegiag (Bonaventure)
 paspebiac.french_language: "Tracadièche" #Wospegiak (Carleton-sur-Mer)
 matapedia.french_language: "Saint-Laurent" #Matapegiag (Pointe-à-la-Croix)
 chic_choc_mountains.french_language: "Monts Chic-Chocs" #Sigsôg Mountains ()
 matane.french_language: "Mantanne" #Mtctan (Matane)
 rimouski.french_language: "Rimouski" #Ànimooski (Rimouski)
 mitis.french_language: "Mont-Joli" #Mitisk (Métis-sur-Mer)
 amqui.french_language: "Amqui" #Mkooögwĭk  (Amqui)
 causapscal.french_language: "Causapscal" #Goesôpsiag (Causapscal)
 kakouna.french_language: "Cacouna" #Kakona (Cacouna)
 molsemtekw.french_language: "Rivière-du-Loup" #Molsemtekw (Rivière-du-Loup)
 temiscouata.french_language: "Poste du Lac" #Timiscoata (Témiscouata-sur-le-Lac)
 kamouraska.french_language: "Kamouraska " #Akamaraska (Kamouraska)
 northern_notre_dame_mountains.french_language: "Monts Notre-Dame" #Notre-Dame Mountains ()
 kikonteku.french_language: "Pointe-Lévy" #Kikonteku (Lévis), Lauzon
 kamitsisit.french_language: "Port Joli" #Kamitsisit (Saint-Jean-Port-Joli)
 etchemin.french_language: "Beaumont" #Etchemins (Saint-Vallier)
 wachilmezi.french_language: "Saint-Édouard-de-Gentilly" #Wachilmezi (Bécancour)
 onkobagag.french_language: "Arthabaska" #Onkobagag (Victoriaville)
 sartigan.french_language: "Nouvelle Beauce" #Sartigan (Thetford Mines)
 wolastoq.french_language: "Sainte-Rose du Dégelé" #Wolastoq (Dégelis)
 stadacona.french_language: "Québec" #Stadacona (Quebec City)
 andawaohie.french_language: "Fort Charlesbourg-Royal" #Andawaohie (Donnacona)
 ontaretse.french_language: "Sainte-Catherine" #Ontaretse (Shannon)
 ahwendoe.french_language: "Île de Bascuz" #Ahwendoe (Sainte-Famille), Île d'Orléans later
 ondaonnentakwi.french_language: "Château-Richer" #Ondaonnentakwi (Beaupré)
 aunona.french_language: "Saint-Pierre-et-Saint-Paul" #Aunona (Baie-Saint-Paul)
 taoondewake.french_language: "Saint-Fidèle" #Taoondewake (Saint-Siméon)
 kouate.french_language: "Ance à la Catherine" #Kouate (Baie-Sainte-Catherine)
 laurentian_massif.french_language: "Massif du Saint-Laurent" #Laurentian Massif ()
 mingan.french_language: "Pointe aux Esquimaux" #Mingan (Havre-Saint-Pierre)
 elsiktuk.french_language: "Port-la-Joye" #Elsiktuk (Charlottetown), 1720
 menageesenog.french_language: "Îles-de-la-Madeleine" #Menageesenog (Îles de la Madeleine), 1663
 askataliank.french_language: "Louisbourg" #Sule'katik (Louisbourg), 1713
 cheticamp.french_language: "Chéticamp" #Wiaqajk (Inverness)
 apaqtukowatek.french_language: "Saint-Pierre" #Apaqtukowatek (), 1650
 kluskapewiktuk.french_language: "Port-Dauphin" #Kluskapewiktuk (Baddick)
 chignecto.french_language: "Beaubassin

" #Sikniktuk (Amherst), Les Planches less important. Fort Beauséjour
 canso.french_language: "Chedabuctou" #Qamso'q (Guysborough), 1655
 jijkwtuk.french_language: "Grand-Pré" #Jijkwtuk (Kentville), 1680
 cobequid.french_language: "Cobequid" #We'kopektik (Truro), 1700s
 kennetook.french_language: "Pisiguit" #Knetkuk (Windsor), 1680s
 kjipuktuk.french_language: "Chibouctou " #Punamu'kwati'jk (Halifax)
 wetewatoqsik.french_language: "Bai de Sainte-Marguerite" #Kjipuktuk (Chebucto Peninsula)
 esekatik.french_language: "La Hève" #E'se'katik (Lunenburg), mid 1600s
 nmejuaqnek.french_language: "Port-Royal" #Nme'juaqnek (Annapolis Royal), 1605
 chebogue.french_language: "Tebouque" #Tkipok (Yarmouth), mid 1600s
 muinawamek.french_language: "Port-Rasoir" #Muinawamek (Shelburne)
 oqumkikiak.french_language: "Port Rossignol" #Oqumkikiak (Liverpool), early 1600s
 chipoudy.french_language: "Chipoudie" #Hopewell Rocks (Shepody)
 petitcodiac.french_language: "Petcoucoyee" #Petkotque (Petitcodiac)
 memramcook.french_language: "Mémérancouque " #Memramcook (Tantramar), early 1700s
 richibucto.french_language: "Bouctouche" #Tjipogtotjg (Grand-Bouctouche), 1785
 kouchibouguac.french_language: "Claire-Fontaine" #Pijeboogwek (Kouchibouguac)
 miramichi.french_language: "Miramichi" #Miramichi (Miramichi)
 neguac.french_language: "Neguac" #Neguac (Neguac), 1757
 anagance.french_language: "Le Coude" #Anagance (Moncton), 1733
 nepisiguit.french_language: "Belledune" #Nepisiguit (Bathurst)
 restigouche.french_language: "Pointe-des-Sauvages" #Restigouche (Campbellton), 1700
 siegas.french_language: "Petit-Sault" #Siegas (Edmundston)
 menahkwesk.french_language: "Saint-Jean" #Menahkwesk (Saint John), 1631
 nashwaak.french_language: "Pointe Ste-Anne" #Nahswaak (Fredericton), 1692 Fort Nashwaak; renamed Pointe Ste-Anne in 1713
 oromocto.french_language: "La Rivière du Kamouctou" #Welamukotuk (Oromocto), or Ramouctou 
 tkaronto.french_language: "Fort Rouillé" #Tkaronto (Toronto), Fort Portneuf less prominent Taronto earlier spelling
 oshawa.french_language: "Gandatsetiagon" #Ganatsekwyagon (Oshawa)
 cayacoa.french_language: "Saint-Domingue" # (Santo Domingo), Saint-Dominique is more gramatically accurate but Domingue comes from Domingo as localized pronunciation
 yaqui.french_language: "Saint-Jacques des Chevaliers/Saint-Yague" # (Santiago de Los Caballeros)
 bohio.french_language: "Blanc" # (Luperón)
 marien.french_language: "Cap-Français" # (Cap-Haitien),  'Cap-François' was used and was common due to pre-revolutionary spelling conventions/'Cap-Henri' is accurate during the rule of King Henri Christophe
 iguamuco.french_language: "Hinche" # (Hinche)
 tortuga.french_language: "Ile de la Tortue" # (Ile de la Tortue)
 jaragua.french_language: "Port-au-Prince" # (Port-au-Prince), Port-Républicain if Rev Haiti/France
 baoruco.french_language: "Anse-à-Pitres" # (Pedernales), Was once the same town as Pedernales but split by a the division of the island
 navassa_island.french_language: "La Navase" #Navassa Island ()
 manhattan.french_language: "Nouvelle-Angoulême" #Mannahatta (Manhattan)
 timucua.french_language: "Fort Caroline" #Saturiwa (Jacksonville)
 mayaca.french_language: "Rivière des Dauphins" #Mayaca (St. Augustine)
 kalamazoo.french_language: "Kikanamaso" #Negikanamazo ()
 checagou.french_language: "Checagou" #Šikaakonki (Chicago)
 tiatiki.french_language: "Téakiki" #Teeyaahkiki (Kankakee)
 kishwaukee.french_language: "Sycamore" #Kishwaukee (Rockford)
 peoria.french_language: "Fort Crèvecœur" #Pemiteewi (Peoria), Fort Pimitéoui
 waupecan.french_language: "Le Rocher" #Waupecan (Ottawa), Fort St. Louis is too generic of a name
 cahokia.french_language: "Fort de Chartres" #Cahokia (Edwardsville)
 mitchigamea.french_language: "Fort Massiac" #Mitchigamea (Cairo)
 bulbancha.french_language: "Nouvelle-Orléans" #Bulbancha (New Orleans)
 bogue_chitto.french_language: "Coquille" #Chiconcte (Mandeville)
 tangipahoa.french_language: "Amite " #Tangipahoa (Hammond)
 itihumma.french_language: "Bâton-Rouge" #Itihumma (Baton Rouge)
 chawasha.french_language: "La Balize" #Chawasha ()
 atchafalaya.french_language: "Pointe-au-Chien" #Atchafalaya ()
 opelousa.french_language: "Pointe-Coupée" #Opelousa ()
 ciwat.french_language: "Poste des Attakapas" #Ciwat (Lafayette)
 otse.french_language: "LeBleu" #Otse (Lake Charles)
 calcasieu.french_language: "Natchitoches" #Calcasieu (Natchitoches)
 ouachita.french_language: "Mer Rouge" #Ouachita (Monroe)
 kisatchie.french_language: "Rapides" #Kisatchie (Alexandria)
 anilco.french_language: "Poste de Arkansea" #Anilco ()
 tamaroa.french_language: "St. Louis" #Tamaroa (St. Louis)
 meramec.french_language: "Mine à Breton" #Meramec ()
 towosaghy.french_language: "L’Anse a la Graise" #Capaha (New Madrid), Nouvelle Madrid after return to France
 chepoussa.french_language: "Ste. Genevieve" #Chepoussa (Ste. Genevieve)
 st_francois_mts.french_language: "Montagnes Saint-François" #Saint Francois Mountains ()
 nudarcha.french_language: "Chez les Cansès" #Nudarcha (Kansas City), Fort Cavagnial
 moingwena.french_language: "Moingona" #Shokkokon (Burlington)
 wapsipinicon.french_language: "Dubuque" #Wapsipinicon (Dubuque/Davenport)
 mariame.french_language: "Baye St. Louis" #Mariame (Victoria)
 yscani.french_language: "Le Dout" #Yscani ()
 nasoni.french_language: "Poste des Cadodaquious" #Nishone (Texarkana)
 han.french_language: "Campêche " #Han (Galveston), Lafitte
 caux.french_language: "Champ d'Asile" #Caux (Liberty)
 atfalati.french_language: "Champoeg" #Atfalati (Tualatin), Name Champoeg came from French settlers
 multnomah.french_language: "La Clairière" #Multnomah (Portland), translation of The Clearing another historical name used for Portland prior to 1844
 goana_para.french_language: "Henriville" #Goaná-Pará (Rio de Janeiro), or Fort Coligny